'9ad835a,Hugh,4 hours ago,Tue Apr 28 18:46:43 2020 +0100,Merge branch 'master' of https://github.com/HughTyson/Lagoon-DES310-ProfessionalProject,'
'69f94a1,Hugh,4 hours ago,Tue Apr 28 18:46:40 2020 +0100,Updated Assets,'
'cc621ab,Tomas Hudak,4 hours ago,Tue Apr 28 18:30:06 2020 +0100,Merge branch 'master' of https://github.com/HughTyson/Lagoon-DES310-ProfessionalProject,'
'd2913e0,Tomas Hudak,4 hours ago,Tue Apr 28 18:30:02 2020 +0100,Added final fish fighting animations,'
'a3a7d19,Mike De'Placido,5 hours ago,Tue Apr 28 17:27:07 2020 +0100,Cleanup of Water Shader, Change to edge foam,'
'092b7f8,Tomas Hudak,7 hours ago,Tue Apr 28 15:24:00 2020 +0100,Merge branch 'master' of https://github.com/HughTyson/Lagoon-DES310-ProfessionalProject,'
'ce66ba4,Tomas Hudak,7 hours ago,Tue Apr 28 15:23:56 2020 +0100,Add fishing sounds and set up code for final fish fighting animations,'
'024b690,Hugh,7 hours ago,Tue Apr 28 15:16:22 2020 +0100,Update Final Story Graph.asset,'
'86fcabc,Hugh,7 hours ago,Tue Apr 28 15:10:29 2020 +0100,Merge branch 'master' of https://github.com/HughTyson/Lagoon-DES310-ProfessionalProject,'
'934fc7e,Hugh,7 hours ago,Tue Apr 28 15:10:25 2020 +0100,Plane Noise,'
'fd7134b,Tomas Hudak,8 hours ago,Tue Apr 28 14:39:31 2020 +0100,fixed multiple fishing line bug,'
'63df467,Tomas Hudak,8 hours ago,Tue Apr 28 14:15:45 2020 +0100,Big fish only spawns after player sleeps in story, added victory animation with player holding fish in hand,'
'd2893aa,Tomas Hudak,20 hours ago,Tue Apr 28 02:48:06 2020 +0100,fixed fishing indicator inacuraccy due to animation,'
'04754e1,Tomas Hudak,20 hours ago,Tue Apr 28 02:31:01 2020 +0100,Merge branch 'master' of https://github.com/HughTyson/Lagoon-DES310-ProfessionalProject,'
'62b3578,Tomas Hudak,20 hours ago,Tue Apr 28 02:29:31 2020 +0100,Fixed running away rod bug,'
'406dd72,Hugh,20 hours ago,Tue Apr 28 02:27:28 2020 +0100,Player base pos changed in game scene,'
'bafc606,Hugh,20 hours ago,Tue Apr 28 02:21:47 2020 +0100,Bug Fix,'
'68b1f53,Hugh,20 hours ago,Tue Apr 28 02:10:40 2020 +0100,Merge branch 'master' of https://github.com/HughTyson/Lagoon-DES310-ProfessionalProject,'
'6811ada,Hugh,20 hours ago,Tue Apr 28 02:10:35 2020 +0100,Bug Fix,'
'912bb08,Tomas Hudak,20 hours ago,Tue Apr 28 02:03:58 2020 +0100,Merge branch 'master' of https://github.com/HughTyson/Lagoon-DES310-ProfessionalProject,'
'91908a3,Tomas Hudak,20 hours ago,Tue Apr 28 01:59:28 2020 +0100,Added animation for fishing,'
'7352ee1,Hugh,22 hours ago,Tue Apr 28 00:26:50 2020 +0100,Updates,Updates to the display of the jounral
Updates to the display of the fishing tutorial
'
'd3b4b5e,Hugh,24 hours ago,Mon Apr 27 22:16:23 2020 +0100,Merge branch 'master' of https://github.com/HughTyson/Lagoon-DES310-ProfessionalProject,'
'1b08c9f,Hugh,24 hours ago,Mon Apr 27 22:16:17 2020 +0100,Journal and Tutorial Update,'
'6dcc129,Mike De'Placido,26 hours ago,Mon Apr 27 20:11:40 2020 +0100,Cleaned up Foliage Shader,'
'b7bc86e,Tomas Hudak,27 hours ago,Mon Apr 27 19:40:16 2020 +0100,Add crate breaking sound for when the supply crate is hauled and added a light just to be used for the journal,'
'5986b0c,Tomas Hudak,28 hours ago,Mon Apr 27 18:11:16 2020 +0100,changed bouyancy of crates,'
'690c129,Tomas Hudak,29 hours ago,Mon Apr 27 17:49:25 2020 +0100,Merge branch 'master' of https://github.com/HughTyson/Lagoon-DES310-ProfessionalProject,'
'a43d026,Tomas Hudak,29 hours ago,Mon Apr 27 17:49:20 2020 +0100,Added longer music transitions and lower music volume when celebration sound plays,'
'245e88b,Hugh,29 hours ago,Mon Apr 27 17:40:04 2020 +0100,Bug Fixes,'
'fd32d9f,Hugh,30 hours ago,Mon Apr 27 16:24:21 2020 +0100,Sprites for sleeping and Plane,'
'c267bf3,Hugh,31 hours ago,Mon Apr 27 15:30:29 2020 +0100,Merge branch 'master' of https://github.com/HughTyson/Lagoon-DES310-ProfessionalProject,'
'f67ac8d,Hugh,31 hours ago,Mon Apr 27 15:29:39 2020 +0100,Radio Update,'
'a475764,Tomas Hudak,31 hours ago,Mon Apr 27 15:26:52 2020 +0100,Fixed HDRP Animator bug,'
'e403490,Hugh,33 hours ago,Mon Apr 27 13:10:40 2020 +0100,Plane Update,The plane now starts on the unfixed segment of the plane
'
'fcb008d,Hugh,34 hours ago,Mon Apr 27 12:06:57 2020 +0100,Merge branch 'master' of https://github.com/HughTyson/Lagoon-DES310-ProfessionalProject,'
'49e2936,Hugh,34 hours ago,Mon Apr 27 12:06:54 2020 +0100,trailer scene,'
'bdbfb22,Mike De'Placido,35 hours ago,Mon Apr 27 11:35:50 2020 +0100,Merge branch 'master' of https://github.com/HughTyson/Lagoon-DES310-ProfessionalProject,'
'9e9d55c,Mike De'Placido,35 hours ago,Mon Apr 27 11:35:48 2020 +0100,Added Fishing Bob, added material,'
'23578a6,Hugh,35 hours ago,Mon Apr 27 11:23:18 2020 +0100,Merge branch 'master' of https://github.com/HughTyson/Lagoon-DES310-ProfessionalProject,'
'e1c4891,Mike De'Placido,2 days ago,Mon Apr 27 09:57:19 2020 +0100,Addition of Green Icon for Build,'
'a89ecbc,Mike De'Placido,2 days ago,Mon Apr 27 09:33:44 2020 +0100,Deleted Old Jetty mesh from resources,'
'8ae10c2,Tomas Hudak,2 days ago,Mon Apr 27 03:54:37 2020 +0100,Added sound efffects based on what the foot hits, fixed some other bugs. slowed down player the further they are in water,'
'2f11081,Hugh,2 days ago,Mon Apr 27 02:45:10 2020 +0100,Merge branch 'master' of https://github.com/HughTyson/Lagoon-DES310-ProfessionalProject,'
'0debefa,Hugh,2 days ago,Mon Apr 27 02:44:30 2020 +0100,Bug fixes,'
'd7fbc94,Tomas Hudak,2 days ago,Mon Apr 27 00:57:48 2020 +0100,Merge branch 'master' of https://github.com/HughTyson/Lagoon-DES310-ProfessionalProject,'
'd096a35,Tomas Hudak,2 days ago,Mon Apr 27 00:57:37 2020 +0100,Added base functionality for different materials sound effects,'
'19e43bb,Hugh,2 days ago,Mon Apr 27 00:38:42 2020 +0100,Tutorial Signal For Plane and Sleeping,Implementation of logic for the UI symbols for sleeping and plane needing fixed. Just waiting on correct asset
'
'56e126a,Hugh,2 days ago,Sun Apr 26 22:35:26 2020 +0100,Merge branch 'master' of https://github.com/HughTyson/Lagoon-DES310-ProfessionalProject,'
'd91d81d,Hugh,2 days ago,Sun Apr 26 22:35:23 2020 +0100,Sleeping Signal,'
'78047da,Tomas Hudak,2 days ago,Sun Apr 26 22:17:45 2020 +0100,fixed too far invisible walls in game scene,'
'44e0160,Hugh,2 days ago,Sun Apr 26 21:57:04 2020 +0100,Merge branch 'master' of https://github.com/HughTyson/Lagoon-DES310-ProfessionalProject,'
'5e530aa,Mike De'Placido,2 days ago,Sun Apr 26 21:55:46 2020 +0100,Merge branch 'master' of https://github.com/HughTyson/Lagoon-DES310-ProfessionalProject,'
'1c2d55b,Mike De'Placido,2 days ago,Sun Apr 26 21:55:41 2020 +0100,Deletion of deprecated assets and textures,'
'cfc53ca,Hugh,2 days ago,Sun Apr 26 21:51:47 2020 +0100,Update Fonts and Stats Page,'
'3c1871e,Tomas Hudak,2 days ago,Sun Apr 26 21:50:07 2020 +0100,Fixed fire walking bug, Extended player invisible wall, changed fish invisible wall, added fish scare tag to volcano collider,'
'eea2a2e,Hugh,2 days ago,Sun Apr 26 21:13:45 2020 +0100,Merge branch 'master' of https://github.com/HughTyson/Lagoon-DES310-ProfessionalProject,'
'3236aed,Hugh,2 days ago,Sun Apr 26 21:13:41 2020 +0100,Slight Changes,'
'53843e6,Tomas Hudak,2 days ago,Sun Apr 26 21:07:09 2020 +0100,Added textured fishing rod,'
'b79b55a,Tomas Hudak,2 days ago,Sun Apr 26 20:52:56 2020 +0100,Merge branch 'master' of https://github.com/HughTyson/Lagoon-DES310-ProfessionalProject,'
'aaebe95,Tomas Hudak,2 days ago,Sun Apr 26 20:52:52 2020 +0100,small changes,'
'3be62a7,Mike De'Placido,2 days ago,Sun Apr 26 20:33:57 2020 +0100,Addition of mesh collider to crate,'
'63edaa2,Hugh,2 days ago,Sun Apr 26 20:00:54 2020 +0100,Thumbnails and Icons,'
'21395be,Mike De'Placido,2 days ago,Sun Apr 26 19:05:39 2020 +0100,Merge branch 'master' of https://github.com/HughTyson/Lagoon-DES310-ProfessionalProject,'
'7521e88,Mike De'Placido,2 days ago,Sun Apr 26 19:05:29 2020 +0100,Addition of Character Textures, applied to character in scene,'
'9045fe4,Tomas Hudak,2 days ago,Sun Apr 26 19:01:52 2020 +0100,Merge branch 'master' of https://github.com/HughTyson/Lagoon-DES310-ProfessionalProject,'
'ccb4595,Tomas Hudak,2 days ago,Sun Apr 26 19:01:49 2020 +0100,Fixed movement bug and changed head look at,'
'f9fd1b2,Hugh,2 days ago,Sun Apr 26 15:31:49 2020 +0100,Merge branch 'master' of https://github.com/HughTyson/Lagoon-DES310-ProfessionalProject,'
'baf1fb9,Hugh,2 days ago,Sun Apr 26 15:31:46 2020 +0100,Updates to convo graph,'
'bf79122,Mike De'Placido,2 days ago,Sun Apr 26 15:09:21 2020 +0100,Material Changes,'
'd87d6be,Mike De'Placido,2 days ago,Sun Apr 26 15:04:59 2020 +0100,Addition of new fishing rod,'
'e1d7553,Tomas Hudak,2 days ago,Sun Apr 26 14:33:45 2020 +0100,Merge branch 'master' of https://github.com/HughTyson/Lagoon-DES310-ProfessionalProject,'
'9dcea44,Tomas Hudak,2 days ago,Sun Apr 26 14:33:41 2020 +0100,Fixed IK and animation bugs,'
'806a105,Mike De'Placido,2 days ago,Sun Apr 26 14:06:51 2020 +0100,Merge branch 'master' of https://github.com/HughTyson/Lagoon-DES310-ProfessionalProject,'
'3df3865,Mike De'Placido,2 days ago,Sun Apr 26 14:06:39 2020 +0100,Copied Game scene over to main menu, moved camera position and menu buttons,'
'f360336,Tomas Hudak,2 days ago,Sun Apr 26 13:47:53 2020 +0100,Merge branch 'master' of https://github.com/HughTyson/Lagoon-DES310-ProfessionalProject,'
'f1a967b,Tomas Hudak,2 days ago,Sun Apr 26 13:47:49 2020 +0100,Fixed a couple bugs and added missing sounds to UI,'
'd15d6d0,Mike De'Placido,2 days ago,Sun Apr 26 13:39:39 2020 +0100,SupplyBox change,'
'9403494,Mike De'Placido,2 days ago,Sun Apr 26 12:13:49 2020 +0100,Addition of Shells and Starfish to scene,'
'db0cd62,Tomas Hudak,3 days ago,Sun Apr 26 03:48:22 2020 +0100,Merge branch 'master' of https://github.com/HughTyson/Lagoon-DES310-ProfessionalProject,'
'cfd521c,Tomas Hudak,3 days ago,Sun Apr 26 03:47:56 2020 +0100,added new trousers for character, added fishing and island music (although way of playing will change) added new method of conversation sound and new method for sand footsteps,'
'e8a7027,Hugh,3 days ago,Sun Apr 26 01:12:44 2020 +0100,Tree Mesh Collider and Firefly position move,'
'cbaa6d4,Hugh,3 days ago,Sun Apr 26 01:01:52 2020 +0100,Slider Updates,'
'6d49ab3,Hugh,3 days ago,Sat Apr 25 21:57:42 2020 +0100,Merge branch 'master' of https://github.com/HughTyson/Lagoon-DES310-ProfessionalProject,'
'f188e7d,Hugh,3 days ago,Sat Apr 25 21:57:05 2020 +0100,Revert "Supply Box Texture",This reverts commit e29f3ec3463b6242bce688052703dda92571dec1.
'
'e29f3ec,Hugh,3 days ago,Sat Apr 25 21:56:05 2020 +0100,Supply Box Texture,'
'd2c21f5,Tomas Hudak,3 days ago,Sat Apr 25 21:37:42 2020 +0100,Merge branch 'master' of https://github.com/HughTyson/Lagoon-DES310-ProfessionalProject,'
'f5287f9,Tomas Hudak,3 days ago,Sat Apr 25 21:37:31 2020 +0100,Added Gina to the credits,'
'6d7b6cc,Mike De'Placido,3 days ago,Sat Apr 25 21:24:51 2020 +0100,Merge branch 'master' of https://github.com/HughTyson/Lagoon-DES310-ProfessionalProject,'
'c6856c9,Mike De'Placido,3 days ago,Sat Apr 25 21:24:22 2020 +0100,Changes to Game Scene,'
'eab5b4a,Tomas Hudak,3 days ago,Sat Apr 25 21:10:23 2020 +0100,Merge branch 'master' of https://github.com/HughTyson/Lagoon-DES310-ProfessionalProject,'
'4f074dc,Tomas Hudak,3 days ago,Sat Apr 25 21:10:17 2020 +0100,Added menu music,'
'206470c,Mike De'Placido,3 days ago,Sat Apr 25 20:05:56 2020 +0100,Addition of starfish,'
'e8a7e95,Mike De'Placido,3 days ago,Sat Apr 25 18:32:54 2020 +0100,Addition of FBX exporter to the package manager, Collision box added to jetty,'
'b19eaef,Mike De'Placido,3 days ago,Sat Apr 25 17:47:46 2020 +0100,Addition of Icon for Build,'
'85f3d85,Tomas Hudak,3 days ago,Sat Apr 25 14:25:49 2020 +0100,fixed fish models,'
'623acb0,Tomas Hudak,3 days ago,Sat Apr 25 14:11:27 2020 +0100,Merge branch 'master' of https://github.com/HughTyson/Lagoon-DES310-ProfessionalProject,'
'ceac2b7,Tomas Hudak,3 days ago,Sat Apr 25 14:11:23 2020 +0100,Begun adding Music functionality to AudioManager,'
'd41982e,Mike De'Placido,3 days ago,Sat Apr 25 14:03:50 2020 +0100,Addition of new Fish,'
'4b29bd7,Mike De'Placido,3 days ago,Sat Apr 25 13:26:51 2020 +0100,Inventory illustrations added. Plane to mimic water in distance,'
'98bf230,Mike De'Placido,3 days ago,Sat Apr 25 12:49:26 2020 +0100,Changes to Journal,'
'e9bb41d,Mike De'Placido,3 days ago,Sat Apr 25 12:18:06 2020 +0100,Changes to locations,'
'626ced8,Mike De'Placido,3 days ago,Sat Apr 25 11:59:06 2020 +0100,Addition of Bed,'
'942c599,Tomas Hudak,3 days ago,Sat Apr 25 11:37:02 2020 +0100,Merge branch 'master' of https://github.com/HughTyson/Lagoon-DES310-ProfessionalProject,'
'ef293b8,Tomas Hudak,3 days ago,Sat Apr 25 11:35:36 2020 +0100,small changes,'
'4d54a87,Mike De'Placido,3 days ago,Sat Apr 25 11:18:07 2020 +0100,Addition of new fish and material,'
'39a8750,Mike De'Placido,3 days ago,Sat Apr 25 10:59:38 2020 +0100,Addition of Crate Material, Jetty in Scene, Moved Radio and Fire,'
'96b3b72,Hugh,4 days ago,Sat Apr 25 02:30:36 2020 +0100,Bug Fixes,'
'b58b014,Hugh,4 days ago,Sat Apr 25 01:07:42 2020 +0100,SFX implemented,'
'878a32e,Hugh,4 days ago,Fri Apr 24 21:38:53 2020 +0100,Update Static,'
'0f58015,Hugh,4 days ago,Fri Apr 24 16:40:43 2020 +0100,Merge branch 'master' of https://github.com/HughTyson/Lagoon-DES310-ProfessionalProject,'
'fc3b2c0,Hugh,4 days ago,Fri Apr 24 16:40:36 2020 +0100,Journal Plane Page Update,Plane part now is on the correct side for the drawing
'
'e94d380,Mike De'Placido,4 days ago,Fri Apr 24 16:00:19 2020 +0100,Changes to Journal,'
'ffa48f6,Hugh,4 days ago,Fri Apr 24 15:50:30 2020 +0100,Sliders sizes can now be changed,'
'2388c17,Hugh,4 days ago,Fri Apr 24 15:42:48 2020 +0100,Option to not have the text waving,'
'6c531a7,Hugh,4 days ago,Fri Apr 24 15:28:22 2020 +0100,Text Update,'
'a9a643c,Mike De'Placido,5 days ago,Fri Apr 24 09:23:05 2020 +0100,Character materials imported and applied to the player character,'
'db4ceba,Mike De'Placido,5 days ago,Fri Apr 24 09:15:24 2020 +0100,Changes to Journal,'
'01f4396,Tomas Hudak,5 days ago,Fri Apr 24 03:04:26 2020 +0100,merge conflict,'
'764f4b5,Tomas Hudak,5 days ago,Fri Apr 24 03:02:26 2020 +0100,Added beard,'
'758ad4e,Hugh,5 days ago,Fri Apr 24 02:45:59 2020 +0100,Merge branch 'master' of https://github.com/HughTyson/Lagoon-DES310-ProfessionalProject,'
'5af6821,Hugh,5 days ago,Fri Apr 24 02:45:56 2020 +0100,Updated Camera Collisions,'
'ac70dac,Tomas Hudak,5 days ago,Fri Apr 24 01:37:49 2020 +0100,added further functionality to audio manager,'
'73d786e,Tomas Hudak,5 days ago,Fri Apr 24 00:59:56 2020 +0100,Merge branch 'master' of https://github.com/HughTyson/Lagoon-DES310-ProfessionalProject,'
'ba9f4be,Tomas Hudak,5 days ago,Fri Apr 24 00:58:58 2020 +0100,Added Hair to character, changed character accelleration and made modular system for character peices,'
'06f3302,Hugh,5 days ago,Thu Apr 23 23:50:11 2020 +0100,Fishing Tutorial Update,'
'7f51293,Hugh,5 days ago,Thu Apr 23 22:56:58 2020 +0100,Bug Fixes,Inventory items displaying twice bug fix
Fishing Camera Bug Fix
Journal Prompt Bug Fix
'
'3835e5c,Hugh,5 days ago,Thu Apr 23 22:09:04 2020 +0100,Supply Drop Camera Update,'
'85ac689,Hugh,5 days ago,Thu Apr 23 20:56:13 2020 +0100,Merge branch 'master' of https://github.com/HughTyson/Lagoon-DES310-ProfessionalProject,'
'fd75515,Hugh,5 days ago,Thu Apr 23 20:56:03 2020 +0100,Conversation Camera Fix,'
'a5657d6,Mike De'Placido,5 days ago,Thu Apr 23 20:53:32 2020 +0100,Inventory page changes,'
'031e1cd,Mike De'Placido,5 days ago,Thu Apr 23 20:48:07 2020 +0100,Journal Changes,'
'f58dc82,Tomas Hudak,5 days ago,Thu Apr 23 19:59:53 2020 +0100,Merge branch 'master' of https://github.com/HughTyson/Lagoon-DES310-ProfessionalProject,'
'694ac97,Tomas Hudak,5 days ago,Thu Apr 23 19:59:45 2020 +0100,small bug fixes,'
'b6d6df3,Mike De'Placido,5 days ago,Thu Apr 23 19:59:18 2020 +0100,Addition of more foliage,'
'b4d3da4,Hugh,5 days ago,Thu Apr 23 19:10:34 2020 +0100,Stars Rotate around at night,'
'5dc93d5,Hugh,5 days ago,Thu Apr 23 18:47:56 2020 +0100,Merge branch 'master' of https://github.com/HughTyson/Lagoon-DES310-ProfessionalProject,'
'd434b10,Mike De'Placido,5 days ago,Thu Apr 23 18:45:45 2020 +0100,New Stardome StardomeFull,'
'368b787,Hugh,5 days ago,Thu Apr 23 18:43:50 2020 +0100,Update Assets,'
'953a252,Hugh,5 days ago,Thu Apr 23 17:49:26 2020 +0100,Merge branch 'master' of https://github.com/HughTyson/Lagoon-DES310-ProfessionalProject,'
'4840536,Hugh,5 days ago,Thu Apr 23 17:49:22 2020 +0100,Stars,'
'9a0685f,Tomas Hudak,5 days ago,Thu Apr 23 17:01:25 2020 +0100,Modied shadow maps resolution and changed rotate target of camera to be head of player,'
'c2eeea4,Hugh,5 days ago,Thu Apr 23 14:49:46 2020 +0100,Merge branch 'master' of https://github.com/HughTyson/Lagoon-DES310-ProfessionalProject,'
'2b100f2,Hugh,5 days ago,Thu Apr 23 14:49:37 2020 +0100,Inventory and Character Movement,Update to the inventory, items can now been deleted if used.

Character movement changed to be based on the magnitude of the left analogue stick
'
'49848e4,Mike De'Placido,5 days ago,Thu Apr 23 14:34:46 2020 +0100,Creation of Seaweed Prefabs, Populating scene with kelp,'
'019495d,Mike De'Placido,5 days ago,Thu Apr 23 12:19:00 2020 +0100,testing character textures,'
'54bc7ea,Mike De'Placido,6 days ago,Thu Apr 23 09:57:53 2020 +0100,Addition of new minigame mesh and materials for hugh,'
'69e950c,Mike De'Placido,6 days ago,Thu Apr 23 09:40:38 2020 +0100,Addition of Stars to Scene,'
'75c457a,Hugh,6 days ago,Thu Apr 23 01:27:55 2020 +0100,Camera Fix,'
'9965381,Hugh,6 days ago,Wed Apr 22 22:55:46 2020 +0100,Main Menu Font Update,'
'8e69ca1,Hugh,6 days ago,Wed Apr 22 22:27:58 2020 +0100,Update Loading Screen,'
'4f61b60,Hugh,6 days ago,Wed Apr 22 21:29:51 2020 +0100,Font Updates,'
'a3da889,Hugh,6 days ago,Wed Apr 22 21:22:15 2020 +0100,Merge branch 'master' of https://github.com/HughTyson/Lagoon-DES310-ProfessionalProject,'
'b6ba834,Hugh,6 days ago,Wed Apr 22 21:22:12 2020 +0100,Journal and Other Updates,Updated the journal pages
Camera Invert Sorted
'
'ee3dd1b,Tomas Hudak,6 days ago,Wed Apr 22 20:54:40 2020 +0100,placed changes to fish and invible walls into game scene,'
'd9104c6,Tomas Hudak,6 days ago,Wed Apr 22 19:41:24 2020 +0100,Merge branch 'master' of https://github.com/HughTyson/Lagoon-DES310-ProfessionalProject,'
'3a593c3,Tomas Hudak,6 days ago,Wed Apr 22 19:41:20 2020 +0100,Changes to feet ik, added portraits, made changes to fish in my test scene which will later go into game scene,'
'b7df7ea,Hugh,6 days ago,Wed Apr 22 16:42:37 2020 +0100,Fishing Tutorial Working better,Input limited when in the tuorial
Bob doesnt fly away
'
'a45f368,Mike De'Placido,6 days ago,Wed Apr 22 14:23:20 2020 +0100,Reorganisation of Foliage file structure,'
'8d2b4b0,Mike De'Placido,6 days ago,Wed Apr 22 14:20:07 2020 +0100,Addition of FOliage to back wall,'
'cd05e06,Mike De'Placido,6 days ago,Wed Apr 22 13:54:29 2020 +0100,Merge branch 'master' of https://github.com/HughTyson/Lagoon-DES310-ProfessionalProject,'
'8d2742d,Mike De'Placido,6 days ago,Wed Apr 22 13:54:26 2020 +0100,Creating Foliage Prefabs, Populating scene,'
'6e97677,Tomas Hudak,6 days ago,Wed Apr 22 11:48:29 2020 +0100,Merge branch 'master' of https://github.com/HughTyson/Lagoon-DES310-ProfessionalProject,'
'40ccb45,Tomas Hudak,6 days ago,Wed Apr 22 11:48:16 2020 +0100,quick fix,'
'8754ff4,Mike De'Placido,6 days ago,Wed Apr 22 11:45:08 2020 +0100,Merge branch 'master' of https://github.com/HughTyson/Lagoon-DES310-ProfessionalProject,'
'3a20288,Mike De'Placido,6 days ago,Wed Apr 22 11:44:52 2020 +0100,Addition of new Illustrations for inventory,'
'9e8449d,Tomas Hudak,6 days ago,Wed Apr 22 11:43:10 2020 +0100,push,'
'ab0a7f4,Mike De'Placido,7 days ago,Wed Apr 22 07:34:19 2020 +0100,Deleting old foliage,'
'fc45bd1,Tomas Hudak,7 days ago,Wed Apr 22 03:49:28 2020 +0100,Merge branch 'master' of https://github.com/HughTyson/Lagoon-DES310-ProfessionalProject,'
'a6bf3d8,Tomas Hudak,7 days ago,Wed Apr 22 03:47:04 2020 +0100,Add more to animations and IK,'
'ebb1854,Hugh,7 days ago,Wed Apr 22 01:57:15 2020 +0100,Journal Changed,'
'27fd652,Hugh,7 days ago,Tue Apr 21 23:38:01 2020 +0100,Merge branch 'master' of https://github.com/HughTyson/Lagoon-DES310-ProfessionalProject,'
'f2ab786,Hugh,7 days ago,Tue Apr 21 23:24:35 2020 +0100,Inventory Overhaul,'
'2acc206,Tomas Hudak,7 days ago,Tue Apr 21 22:34:35 2020 +0100,quick fix,'
'ab077f6,Tomas Hudak,7 days ago,Tue Apr 21 22:32:19 2020 +0100,Applying root motion,'
'4d67547,Mike De'Placido,7 days ago,Tue Apr 21 20:51:26 2020 +0100,Foliage material changes,'
'844f1dd,Hugh,7 days ago,Tue Apr 21 20:12:41 2020 +0100,Merge branch 'master' of https://github.com/HughTyson/Lagoon-DES310-ProfessionalProject,'
'a566d67,Mike De'Placido,7 days ago,Tue Apr 21 20:11:02 2020 +0100,Removal of Deprecated Assets,'
'fbe3605,Hugh,7 days ago,Tue Apr 21 19:03:00 2020 +0100,Merge branch 'master' of https://github.com/HughTyson/Lagoon-DES310-ProfessionalProject,'
'6fd5b7d,Hugh,7 days ago,Tue Apr 21 18:58:37 2020 +0100,Tutorials,'
'6e8711d,Tomas Hudak,7 days ago,Tue Apr 21 18:49:36 2020 +0100,Applied new unhoverable button framework to main menu,'
'c8c4b8c,Tomas Hudak,7 days ago,Tue Apr 21 17:43:02 2020 +0100,Added new buttons to book,'
'a974a9e,Tomas Hudak,7 days ago,Tue Apr 21 16:27:42 2020 +0100,Merge branch 'master' of https://github.com/HughTyson/Lagoon-DES310-ProfessionalProject,'
'3751f1a,Tomas Hudak,7 days ago,Tue Apr 21 16:24:51 2020 +0100,Added partially complete foot ik placement and selectableButUNhovarable button type,'
'fda0420,Mike De'Placido,7 days ago,Tue Apr 21 15:31:34 2020 +0100,Import of New Radio Mesh and Materials,'
'08a6d34,Mike De'Placido,7 days ago,Tue Apr 21 15:08:16 2020 +0100,Addition of remaining foliage, deletion of deprecated prefabs,'
'6605569,Mike De'Placido,7 days ago,Tue Apr 21 11:35:39 2020 +0100,Deletion of Deprecated Assets. Addition of new terrain materials,'
'19f9ea3,Mike De'Placido,7 days ago,Tue Apr 21 11:18:05 2020 +0100,Addition of new sand material,'
'9207ab7,Mike De'Placido,7 days ago,Tue Apr 21 11:14:33 2020 +0100,Journal Editing,'
'01718bb,Mike De'Placido,8 days ago,Tue Apr 21 08:20:07 2020 +0100,Journal Type Changes, New Text Material Preset,'
'53e0f5c,Mike De'Placido,8 days ago,Mon Apr 20 21:01:04 2020 +0100,testing typeface changes,'
'6e58980,Mike De'Placido,8 days ago,Mon Apr 20 20:54:21 2020 +0100,Addition of Palm Tree and textures,'
'babdd3c,Mike De'Placido,8 days ago,Mon Apr 20 19:54:26 2020 +0100,Addition of Hut and Texture,'
'7af15be,Tomas Hudak,8 days ago,Mon Apr 20 15:12:26 2020 +0100,Setup menu item image,'
'd3c49b5,Tomas Hudak,8 days ago,Mon Apr 20 13:58:33 2020 +0100,Fixed floating fish bug and incorrect page rotation in journal bug,'
'b5c86a7,Tomas Hudak,8 days ago,Mon Apr 20 13:46:47 2020 +0100,reverted volcano position change,'
'090fdf8,Tomas Hudak,8 days ago,Mon Apr 20 13:29:49 2020 +0100,Add menu logo, centred Island, fixed cliping from game options settings,'
'c6e64ec,Tomas Hudak,8 days ago,Mon Apr 20 12:33:55 2020 +0100,merge conflict,'
'f2cea59,Tomas Hudak,8 days ago,Mon Apr 20 12:33:37 2020 +0100,Merge branch 'master' of https://github.com/HughTyson/Lagoon-DES310-ProfessionalProject,'
'4f2d621,Tomas Hudak,8 days ago,Mon Apr 20 12:29:50 2020 +0100,Small Changes and Animation Test,'
'4780a8c,Mike De'Placido,9 days ago,Mon Apr 20 10:41:12 2020 +0100,Deleted Deprecated assets, added test foliage,'
'5ec82af,Mike De'Placido,9 days ago,Mon Apr 20 09:33:18 2020 +0100,Deletion of deprecated assets, addition of new island scatter,'
'a0701d0,Hugh,9 days ago,Mon Apr 20 00:53:12 2020 +0100,Slight fire change,'
'd562b5f,Hugh,9 days ago,Mon Apr 20 00:41:35 2020 +0100,Fire Colour lerps in and out,'
'999af28,Hugh,9 days ago,Sun Apr 19 23:40:19 2020 +0100,Merge branch 'master' of https://github.com/HughTyson/Lagoon-DES310-ProfessionalProject,'
'628c167,Hugh,9 days ago,Sun Apr 19 23:39:34 2020 +0100,Menu Scene Changed,'
'b0b07ee,Mike De'Placido,9 days ago,Sun Apr 19 22:47:31 2020 +0100,Deleted deprecated mesh,'
'bd724df,Tomas Hudak,9 days ago,Sun Apr 19 22:28:29 2020 +0100,Merge branch 'master' of https://github.com/HughTyson/Lagoon-DES310-ProfessionalProject,'
'f0c2522,Tomas Hudak,9 days ago,Sun Apr 19 22:28:25 2020 +0100,small changes,'
'5125dee,Mike De'Placido,9 days ago,Sun Apr 19 21:52:17 2020 +0100,Addition of Plane Collision Box and Kelp Test,'
'c41ab0b,Hugh,9 days ago,Sun Apr 19 18:25:24 2020 +0100,FireFlys and Bug fixes,'
'3378454,Hugh,9 days ago,Sun Apr 19 14:40:14 2020 +0100,Merge branch 'master' of https://github.com/HughTyson/Lagoon-DES310-ProfessionalProject,'
'4da4959,Hugh,9 days ago,Sun Apr 19 14:25:54 2020 +0100,Camera Updates,'
'69ab0dc,Mike De'Placido,9 days ago,Sun Apr 19 13:40:19 2020 +0100,Fern/Grass Changes,'
'3a97d81,Mike De'Placido,9 days ago,Sun Apr 19 12:22:16 2020 +0100,Grass Shader edits and changes to render modes,'
'd885c8f,Mike De'Placido,10 days ago,Sun Apr 19 10:39:02 2020 +0100,Foliage Shader now working as Intended, Grass mesh and material instance working in game scene,'
'708ce7e,Hugh,10 days ago,Sat Apr 18 22:12:34 2020 +0100,Removed unneeded assets,'
'2e0d514,Mike De'Placido,10 days ago,Sat Apr 18 21:34:58 2020 +0100,Testing scratches and noise in Journal. Added Remaining Illustrations,'
'90ee3c8,Mike De'Placido,10 days ago,Sat Apr 18 21:08:36 2020 +0100,Addition of more Journal UI, Testing illustration size,'
'688cc5f,Mike De'Placido,10 days ago,Sat Apr 18 20:40:27 2020 +0100,Addition of Journal Shoulder Button Sprites,'
'5ac7938,Mike De'Placido,10 days ago,Sat Apr 18 20:25:29 2020 +0100,Addition of new Journal UI,'
'f003538,Tomas Hudak,10 days ago,Sat Apr 18 18:58:55 2020 +0100,added methods for accessing audio sfx's using applied and generated IDs,'
'fb4361f,Tomas Hudak,10 days ago,Sat Apr 18 18:46:48 2020 +0100,Merge branch 'master' of https://github.com/HughTyson/Lagoon-DES310-ProfessionalProject,'
'2e27ef4,Tomas Hudak,10 days ago,Sat Apr 18 18:43:49 2020 +0100,small changes,'
'62297af,Hugh,10 days ago,Sat Apr 18 18:14:31 2020 +0100,Updated Plane prefab and Fire,'
'10ea0cf,Hugh,10 days ago,Sat Apr 18 16:03:53 2020 +0100,Merge branch 'master' of https://github.com/HughTyson/Lagoon-DES310-ProfessionalProject,'
'da9afe0,Hugh,10 days ago,Sat Apr 18 16:03:50 2020 +0100,Some Audio,'
'63e8aba,Mike De'Placido,10 days ago,Sat Apr 18 15:54:01 2020 +0100,Addition of New Plane mesh and Materials. Not linked to minigame yet. Materials still to be added to minigame panel,'
'cf99c73,Mike De'Placido,10 days ago,Sat Apr 18 12:59:35 2020 +0100,Colour changes to Foliage Material,'
'03e303c,Mike De'Placido,10 days ago,Sat Apr 18 12:51:25 2020 +0100,Addition of new denser island mesh, Addition of displacement to the foliage shader,'
'3ad47c0,Mike De'Placido,11 days ago,Sat Apr 18 10:49:55 2020 +0100,Addition of Firepit Textures,'
'43370a2,Hugh,11 days ago,Fri Apr 17 15:32:27 2020 +0100,Merge branch 'master' of https://github.com/HughTyson/Lagoon-DES310-ProfessionalProject,'
'5512bbc,Hugh,11 days ago,Fri Apr 17 15:32:23 2020 +0100,Change to Supply Drop Camera,camera shake value now changes depending on the time of the animation.

If the plane is not in view for the playe rthe sake value is less
'
'3b98315,Mike De'Placido,11 days ago,Fri Apr 17 14:30:55 2020 +0100,Testing of emissive firewood,'
'3ba5232,Hugh,11 days ago,Fri Apr 17 12:17:51 2020 +0100,Merge branch 'master' of https://github.com/HughTyson/Lagoon-DES310-ProfessionalProject,'
'1bd8c4d,Hugh,11 days ago,Fri Apr 17 12:17:48 2020 +0100,Bug Fixing,'
'beed6aa,Mike De'Placido,11 days ago,Fri Apr 17 11:34:00 2020 +0100,Changes to Journal,'
'067b021,Mike De'Placido,12 days ago,Fri Apr 17 10:04:18 2020 +0100,Testing illustrations in Journal,'
'24ddc0b,Mike De'Placido,12 days ago,Fri Apr 17 09:29:45 2020 +0100,Creation of Font Preset, testing in journal inventory page,'
'3844f38,Mike De'Placido,12 days ago,Fri Apr 17 09:26:52 2020 +0100,Addition of Journal Typeface. Creation of TextmeshPro Font Asset,'
'6fc99a3,Hugh,12 days ago,Thu Apr 16 17:56:10 2020 +0100,Fixed HDRP Sprite Animator,'
'c17a96f,Mike De'Placido,12 days ago,Thu Apr 16 12:09:49 2020 +0100,Added mockup of firepit,'
'24f6f07,Mike De'Placido,13 days ago,Thu Apr 16 10:49:38 2020 +0100,Editing of Fire Particle System,'
'7d660c5,Hugh,13 days ago,Thu Apr 16 10:16:41 2020 +0100,Merge branch 'master' of https://github.com/HughTyson/Lagoon-DES310-ProfessionalProject,'
'b4dc028,Hugh,13 days ago,Thu Apr 16 10:16:36 2020 +0100,first fire test,'
'af4ca01,Mike De'Placido,13 days ago,Thu Apr 16 09:48:54 2020 +0100,Addition of Fire Particle System,Added layers for Fire Particle System. Needs reshaped
'
'04576d2,Tomas Hudak,13 days ago,Thu Apr 16 00:34:31 2020 +0100,quick fixes,'
'eb498e8,Tomas Hudak,13 days ago,Wed Apr 15 22:52:05 2020 +0100,Merge branch 'master' of https://github.com/HughTyson/Lagoon-DES310-ProfessionalProject,'
'9e60281,Tomas Hudak,13 days ago,Wed Apr 15 22:51:41 2020 +0100,small changes,'
'b9b469f,Hugh,13 days ago,Wed Apr 15 22:12:55 2020 +0100,Full Game Loop,'
'b387cb7,Hugh,2 weeks ago,Wed Apr 15 02:15:12 2020 +0100,Journal Bug Fix,The journals inventory system now links with the repair mechanic - you can't repair without the correct parts.
'
'e43b2da,Hugh,2 weeks ago,Wed Apr 15 01:55:04 2020 +0100,Lots of journal pages added,'
'aa0a359,Mike De'Placido,2 weeks ago,Tue Apr 14 11:39:15 2020 +0100,More island Editing,'
'd94d7b0,Mike De'Placido,2 weeks ago,Tue Apr 14 10:57:00 2020 +0100,Addition of Basic Rock shapes for testing scatter,'
'04aa113,Mike De'Placido,2 weeks ago,Tue Apr 14 10:11:28 2020 +0100,Grass Blend Changes,'
'18aaf90,Hugh,2 weeks ago,Tue Apr 14 00:11:43 2020 +0100,Introduction Scene and removed Test Build,'
'f8e785c,Hugh,2 weeks ago,Mon Apr 13 11:55:28 2020 +0100,Merge branch 'master' of https://github.com/HughTyson/Lagoon-DES310-ProfessionalProject,'
'cba8e3f,Hugh,2 weeks ago,Mon Apr 13 11:54:45 2020 +0100,Supply Camera Changes,'
'1855730,Mike De'Placido,2 weeks ago,Mon Apr 13 10:47:58 2020 +0100,Updated reflection of Water Shader,'
'416e548,Mike De'Placido,2 weeks ago,Mon Apr 13 10:11:18 2020 +0100,Changes to Volcano Material,'
'3eb98fd,Tomas Hudak,2 weeks ago,Sun Apr 12 23:45:16 2020 +0100,sound fx,'
'e216ffe,Mike De'Placido,2 weeks ago,Sun Apr 12 11:18:44 2020 +0100,Water changes,'
'a0f6322,Mike De'Placido,2 weeks ago,Sun Apr 12 09:59:45 2020 +0100,Addition of Test Water Displacement Shader,'
'b125d6d,Tomas Hudak,2 weeks ago,Sun Apr 12 00:07:18 2020 +0100,Added more functionality to convo graph, allowing a way to attach objects to supply drops based on dialog choice,'
'2597285,Tomas Hudak,3 weeks ago,Fri Apr 10 23:11:36 2020 +0100,small bug fixes,'
'88951de,Hugh,3 weeks ago,Fri Apr 10 18:48:43 2020 +0100,Supply Camera,'
'6cfd47e,Hugh,3 weeks ago,Fri Apr 10 18:10:56 2020 +0100,Merge branch 'master' of https://github.com/HughTyson/Lagoon-DES310-ProfessionalProject,'
'c9c9822,Hugh,3 weeks ago,Fri Apr 10 18:01:00 2020 +0100,Supply Camera Shaking,'
'87909ee,Tomas Hudak,3 weeks ago,Fri Apr 10 17:42:54 2020 +0100,Made SceneManager and loading screen transition,'
'075bd54,Mike De'Placido,3 weeks ago,Fri Apr 10 10:32:26 2020 +0100,Testing grass material blend,'
'fc3b9de,Tomas Hudak,3 weeks ago,Fri Apr 10 00:01:00 2020 +0100,Fixed Jumpy controller vibrations, and hooked up options to setting variables,'
'1ddff83,Hugh,3 weeks ago,Thu Apr 9 22:58:50 2020 +0100,Slight changes to the GM,'
'3c53957,Hugh,3 weeks ago,Thu Apr 9 22:53:37 2020 +0100,Merge branch 'master' of https://github.com/HughTyson/Lagoon-DES310-ProfessionalProject,'
'eb881b0,Hugh,3 weeks ago,Thu Apr 9 22:51:25 2020 +0100,Update the Player PRefab for the supply drop camera,'
'277bd2f,Tomas Hudak,3 weeks ago,Thu Apr 9 22:47:51 2020 +0100,Added "Option" pages to the journal,'
'69e10e5,Tomas Hudak,3 weeks ago,Thu Apr 9 20:02:48 2020 +0100,Merge branch 'master' of https://github.com/HughTyson/Lagoon-DES310-ProfessionalProject,'
'e04991d,Tomas Hudak,3 weeks ago,Thu Apr 9 20:02:45 2020 +0100,Starting work on journal options pages,'
'39ca144,Hugh,3 weeks ago,Thu Apr 9 18:11:24 2020 +0100,Merge branch 'master' of https://github.com/HughTyson/Lagoon-DES310-ProfessionalProject,'
'ccd5507,Hugh,3 weeks ago,Thu Apr 9 18:07:29 2020 +0100,Updates Radio,Radio updates, works based on Day/Night Cycle
'
'ff08ca1,Tomas Hudak,3 weeks ago,Thu Apr 9 18:02:05 2020 +0100,prepped menu,'
'be763b7,Tomas Hudak,3 weeks ago,Thu Apr 9 17:58:58 2020 +0100,Merge branch 'master' of https://github.com/HughTyson/Lagoon-DES310-ProfessionalProject,'
'ac0042d,Tomas Hudak,3 weeks ago,Thu Apr 9 17:58:18 2020 +0100,Create CheckBox for UI. Also completed the logic for option menus with sliders and checkboxes,'
'ccde136,Mike De'Placido,3 weeks ago,Thu Apr 9 11:28:35 2020 +0100,Editing foliage cards,'
'11b44e8,Mike De'Placido,3 weeks ago,Thu Apr 9 09:43:38 2020 +0100,More deprecated asset removal,'
'3732c7e,Mike De'Placido,3 weeks ago,Thu Apr 9 09:15:56 2020 +0100,Asset Management and Reimport of Sand,Deletion of Deprecated assets and materials.
Reorganisation of the asset File structure
Reintroduction of sand materials
'
'02ab300,Tomas Hudak,3 weeks ago,Wed Apr 8 23:12:01 2020 +0100,Added sliders to UI framework, and added them to the option's menus,'
'd16ce39,Tomas Hudak,3 weeks ago,Wed Apr 8 14:54:32 2020 +0100,fixed deleted files,'
'd6246f6,Tomas Hudak,3 weeks ago,Wed Apr 8 14:52:51 2020 +0100,Merge branch 'master' of https://github.com/HughTyson/Lagoon-DES310-ProfessionalProject,'
'f4ef3ce,Tomas Hudak,3 weeks ago,Wed Apr 8 14:50:34 2020 +0100,revert,'
'7e48ec8,Tomas Hudak,3 weeks ago,Wed Apr 8 14:48:34 2020 +0100,Revert "revert",This reverts commit 246215f9030b787a68548af9e4827718bc215801.
'
'246215f,Tomas Hudak,3 weeks ago,Wed Apr 8 14:35:59 2020 +0100,revert,'
'b338c89,Hugh,3 weeks ago,Wed Apr 8 14:21:24 2020 +0100,Changed Drop Point Pos,'
'a57368a,Mike De'Placido,3 weeks ago,Wed Apr 8 14:16:59 2020 +0100,Game.unity update,'
'13b50d6,Hugh,3 weeks ago,Wed Apr 8 14:10:10 2020 +0100,Update,'
'ae06f94,Hugh,3 weeks ago,Wed Apr 8 14:07:36 2020 +0100,Merge branch 'master' of https://github.com/HughTyson/Lagoon-DES310-ProfessionalProject,'
'bec3473,Mike De'Placido,3 weeks ago,Wed Apr 8 14:07:17 2020 +0100,Pushing Game changes,'
'de7587c,Hugh,3 weeks ago,Wed Apr 8 13:49:50 2020 +0100,Merge branch 'master' of https://github.com/HughTyson/Lagoon-DES310-ProfessionalProject,'
'40feb1c,Mike De'Placido,3 weeks ago,Wed Apr 8 13:46:04 2020 +0100,Changes to Game Scene,'
'3527d7c,Mike De'Placido,3 weeks ago,Wed Apr 8 13:37:48 2020 +0100,Testing Sand Blend Materials. Example in Final Scene,'
'c65beec,Hugh,3 weeks ago,Wed Apr 8 13:31:37 2020 +0100,Merge branch 'master' of https://github.com/HughTyson/Lagoon-DES310-ProfessionalProject,'
'2636356,Tomas Hudak,3 weeks ago,Wed Apr 8 13:21:52 2020 +0100,couple more bug fixes,'
'ace28db,Hugh,3 weeks ago,Wed Apr 8 13:18:58 2020 +0100,Merge branch 'master' of https://github.com/HughTyson/Lagoon-DES310-ProfessionalProject,'
'ddaabb4,Hugh,3 weeks ago,Wed Apr 8 13:15:29 2020 +0100,Inventory,Journal Inventory page started and almost finished
'
'3c373ca,Tomas Hudak,3 weeks ago,Wed Apr 8 12:37:31 2020 +0100,Merge branch 'master' of https://github.com/HughTyson/Lagoon-DES310-ProfessionalProject,'
'cc3d964,Tomas Hudak,3 weeks ago,Wed Apr 8 12:35:16 2020 +0100,created a new UI Framework for menus and fixed a special text bug,'
'58232e0,Mike De'Placido,3 weeks ago,Tue Apr 7 15:52:50 2020 +0100,Height blend material setup,'
'bee2797,Mike De'Placido,3 weeks ago,Tue Apr 7 14:22:28 2020 +0100,Sand Material Updates,'
'd95e483,Mike De'Placido,3 weeks ago,Tue Apr 7 13:05:22 2020 +0100,Addition of new Island/Seabed,'
'800f07b,Mike De'Placido,3 weeks ago,Tue Apr 7 11:42:54 2020 +0100,Addition of New Volcano Model,'
'b1b0a11,Tomas Hudak,3 weeks ago,Sun Apr 5 21:24:47 2020 +0100,Created methods for animating the settings of an audio sfx instance via the TweenAnimator,'
'97f8514,Tomas Hudak,3 weeks ago,Sun Apr 5 20:56:36 2020 +0100,prepared functions for music in the audio manager, and also prepared audio mixers for easy audio mixing and option setting,'
'54d1f7f,Tomas Hudak,3 weeks ago,Sun Apr 5 19:46:03 2020 +0100,Merge branch 'master' of https://github.com/HughTyson/Lagoon-DES310-ProfessionalProject,'
'c79e639,Tomas Hudak,3 weeks ago,Sun Apr 5 19:43:24 2020 +0100,Created Audio Manager Framework,'
'3b073c4,Hugh,3 weeks ago,Sun Apr 5 01:06:46 2020 +0100,Day Night Cycle Update & Supply Drop,Certain player states can not be activated at nioght such as repairing.

Supply Drop was moved closer to the centre of the volcano
'
'87eda96,Hugh,3 weeks ago,Sat Apr 4 23:50:19 2020 +0100,Merge branch 'master' of https://github.com/HughTyson/Lagoon-DES310-ProfessionalProject,'
'4703996,Hugh,3 weeks ago,Sat Apr 4 23:45:09 2020 +0100,Updated Day/Night,Day/Night cycle uses varibles that are now stored in the GM to allow the players actiosn to effect the speed of the cycle
'
'56b08d3,Tomas Hudak,3 weeks ago,Sat Apr 4 23:42:20 2020 +0100,Merge branch 'master' of https://github.com/HughTyson/Lagoon-DES310-ProfessionalProject,'
'fb541b3,Tomas Hudak,3 weeks ago,Sat Apr 4 23:39:56 2020 +0100,Supply crate fishing & Additions to journal framework,'
'a2f156f,Hugh,3 weeks ago,Sat Apr 4 22:52:09 2020 +0100,Merge branch 'master' of https://github.com/HughTyson/Lagoon-DES310-ProfessionalProject,'
'41c21aa,Hugh,3 weeks ago,Sat Apr 4 22:49:35 2020 +0100,Plane Update,The plane has been updated to include the movement of the panel, and to make usre the game doesn't despawn before the panel is over the  hatch
'
'a4543c8,Tomas Hudak,4 weeks ago,Fri Apr 3 21:08:59 2020 +0100,now fixed merge conflict,'
'5b830c7,Tomas Hudak,4 weeks ago,Fri Apr 3 21:07:14 2020 +0100,fixed merge conflixt,'
'747d279,Tomas Hudak,4 weeks ago,Fri Apr 3 20:58:43 2020 +0100,Completed Journal Framework,'
'35c0a86,Hugh,4 weeks ago,Thu Apr 2 18:13:34 2020 +0100,Merge branch 'master' of https://github.com/HughTyson/Lagoon-DES310-ProfessionalProject,'
'dfe29ad,Hugh,4 weeks ago,Thu Apr 2 18:13:28 2020 +0100,test,'
'702efbb,Hugh,4 weeks ago,Thu Apr 2 18:11:28 2020 +0100,Changes to Switch Game and Supply Drop,'
'758bde8,Tomas Hudak,4 weeks ago,Thu Apr 2 18:05:43 2020 +0100,quick push,'
'5a0d2af,Tomas Hudak,4 weeks ago,Thu Apr 2 17:34:30 2020 +0100,Merge branch 'master' of https://github.com/HughTyson/Lagoon-DES310-ProfessionalProject,'
'77d557b,Tomas Hudak,4 weeks ago,Thu Apr 2 17:34:22 2020 +0100,Set up the ingame pause menu with options. Also made the framework for the journal,'
'ebae353,Hugh,4 weeks ago,Thu Apr 2 15:35:16 2020 +0100,Test Shader Graphs,'
'ab29f49,Hugh,4 weeks ago,Wed Apr 1 19:25:57 2020 +0100,Update UI and Plane Animation,'
'1c6752b,Hugh,4 weeks ago,Wed Apr 1 00:01:32 2020 +0100,Merge branch 'master' of https://github.com/HughTyson/Lagoon-DES310-ProfessionalProject,'
'4496ad1,Hugh,4 weeks ago,Wed Apr 1 00:01:27 2020 +0100,Added Text and Button Prompts for Repair State,'
'64a0bad,Tomas Hudak,4 weeks ago,Tue Mar 31 23:11:19 2020 +0100,more work on pause menu journal and added vibrations to menus,'
'4e6b8da,Tomas Hudak,4 weeks ago,Tue Mar 31 18:14:10 2020 +0100,Merge branch 'master' of https://github.com/HughTyson/Lagoon-DES310-ProfessionalProject,'
'c193dfa,Tomas Hudak,4 weeks ago,Tue Mar 31 18:14:05 2020 +0100,List of all scripts via powershell,'
'f92285c,Hugh,4 weeks ago,Tue Mar 31 18:12:08 2020 +0100,Animations For Plane,Animation for the plane, linked with conversation and drops boxes
'
'd3244ea,Hugh,4 weeks ago,Mon Mar 30 16:44:44 2020 +0100,Merge branch 'master' of https://github.com/HughTyson/Lagoon-DES310-ProfessionalProject,'
'a8c501b,Hugh,4 weeks ago,Mon Mar 30 16:44:41 2020 +0100,Slight Changes,'
'a3ef22a,Tomas Hudak,4 weeks ago,Mon Mar 30 16:40:45 2020 +0100,Merge branch 'master' of https://github.com/HughTyson/Lagoon-DES310-ProfessionalProject,'
'90fd111,Tomas Hudak,4 weeks ago,Mon Mar 30 16:40:41 2020 +0100,Added option to skip through text transitions,'
'4b7f591,Hugh,4 weeks ago,Mon Mar 30 15:15:27 2020 +0100,Bug Fix,Fixing jitter with movement and camera
'
'1817338,Hugh,4 weeks ago,Mon Mar 30 10:56:33 2020 +0100,Merge branch 'master' of https://github.com/HughTyson/Lagoon-DES310-ProfessionalProject,'
'c4bd818,Tomas Hudak,4 weeks ago,Mon Mar 30 10:48:42 2020 +0100,Potentially fixed crashing bug,'
'9ca3770,Hugh,4 weeks ago,Mon Mar 30 02:19:26 2020 +0100,Merge branch 'master' of https://github.com/HughTyson/Lagoon-DES310-ProfessionalProject,'
'220a7bd,Tomas Hudak,4 weeks ago,Mon Mar 30 02:18:32 2020 +0100,fix,'
'276eaa5,Hugh,4 weeks ago,Mon Mar 30 02:11:21 2020 +0100,Merge branch 'master' of https://github.com/HughTyson/Lagoon-DES310-ProfessionalProject,'
'3cf5f7d,Tomas Hudak,4 weeks ago,Mon Mar 30 01:29:26 2020 +0100,quick fix,'
'9ebceb8,Tomas Hudak,4 weeks ago,Mon Mar 30 01:12:56 2020 +0100,Fixed Convo UI,'
'a70a8b5,Hugh,4 weeks ago,Sun Mar 29 22:10:18 2020 +0100,Camera Update,'
'4132646,Tomas Hudak,4 weeks ago,Sun Mar 29 22:07:38 2020 +0100,Merge branch 'master' of https://github.com/HughTyson/Lagoon-DES310-ProfessionalProject,'
'4eece26,Tomas Hudak,4 weeks ago,Sun Mar 29 22:07:34 2020 +0100,Quick fix to conversation event,'
'5e741e2,Hugh,4 weeks ago,Sun Mar 29 22:05:59 2020 +0100,Update to Game Scene,'
'9f3554e,Hugh,4 weeks ago,Sun Mar 29 21:37:44 2020 +0100,Update Game Scene,Re-structured prefab for walls and triggers

Sleep Trigger Added
'
'7715856,Hugh,4 weeks ago,Sun Mar 29 21:32:35 2020 +0100,Lot of Updates,Updates to prefabs such as the plane
This was added to the final game scene.
'
'1be0fab,Hugh,4 weeks ago,Sun Mar 29 20:18:14 2020 +0100,Merge branch 'master' of https://github.com/HughTyson/Lagoon-DES310-ProfessionalProject,'
'3d98fa5,Hugh,4 weeks ago,Sun Mar 29 20:18:10 2020 +0100,Supply Drop links with Convo,The supply drop now links iwth the conversation graph. This needs drastically improved but will in the coming days
'
'e6a153c,Tomas Hudak,4 weeks ago,Sun Mar 29 20:11:13 2020 +0100,Merge branch 'master' of https://github.com/HughTyson/Lagoon-DES310-ProfessionalProject,'
'408d570,Tomas Hudak,4 weeks ago,Sun Mar 29 20:11:08 2020 +0100,More work on pause menu with journal and added conversation,'
'c53a1ce,Mike De'Placido,4 weeks ago,Sun Mar 29 19:02:02 2020 +0100,Edited master graph,'
'2c988ab,Hugh,4 weeks ago,Sat Mar 28 22:23:11 2020 +0000,Merge branch 'master' of https://github.com/HughTyson/Lagoon-DES310-ProfessionalProject,'
'a9bb996,Hugh,4 weeks ago,Sat Mar 28 22:23:06 2020 +0000,Bug Fixes,Day/Night Cycle set value fixed
Repair Camera Zoom - mulitple bugs
'
'8cc0726,Tomas Hudak,5 weeks ago,Sat Mar 28 02:52:54 2020 +0000,Fixed a few bugs and optimized a little. Also added functionality to the event node in the story manager, allowing it to be hooked up,'
'aaa2f41,Hugh,5 weeks ago,Fri Mar 27 17:14:04 2020 +0000,Updated Skybox in Game and Main Menu,'
'0703e7e,Hugh,5 weeks ago,Fri Mar 27 17:01:04 2020 +0000,Added Day/Night Cycle to game,'
'01ab908,Hugh,5 weeks ago,Fri Mar 27 16:56:12 2020 +0000,Merge branch 'master' of https://github.com/HughTyson/Lagoon-DES310-ProfessionalProject,'
'c251b1c,Hugh,5 weeks ago,Fri Mar 27 16:55:53 2020 +0000,quick,'
'b7a4d6e,Tomas Hudak,5 weeks ago,Fri Mar 27 16:55:52 2020 +0000,Merge branch 'master' of https://github.com/HughTyson/Lagoon-DES310-ProfessionalProject,'
'd1ef219,Tomas Hudak,5 weeks ago,Fri Mar 27 16:55:49 2020 +0000,quick,'
'be3e7f7,Hugh,5 weeks ago,Fri Mar 27 16:48:19 2020 +0000,Merge branch 'master' of https://github.com/HughTyson/Lagoon-DES310-ProfessionalProject,'
'8eff9ed,Hugh,5 weeks ago,Fri Mar 27 16:48:08 2020 +0000,Update,'
'48c02cf,Tomas Hudak,5 weeks ago,Fri Mar 27 16:44:59 2020 +0000,fixed null exception,'
'80cdbac,Hugh,5 weeks ago,Fri Mar 27 16:39:07 2020 +0000,Merge branch 'master' of https://github.com/HughTyson/Lagoon-DES310-ProfessionalProject,'
'e33c856,Tomas Hudak,5 weeks ago,Fri Mar 27 16:37:44 2020 +0000,Merge branch 'master' of https://github.com/HughTyson/Lagoon-DES310-ProfessionalProject,'
'eb09f30,Tomas Hudak,5 weeks ago,Fri Mar 27 16:37:41 2020 +0000,quick fix,'
'48ae889,Hugh,5 weeks ago,Fri Mar 27 16:08:02 2020 +0000,Merge branch 'master' of https://github.com/HughTyson/Lagoon-DES310-ProfessionalProject,'
'01d6d7d,Hugh,5 weeks ago,Fri Mar 27 16:07:58 2020 +0000,Plane Camera,'
'4204f8e,Mike De'Placido,5 weeks ago,Fri Mar 27 15:51:10 2020 +0000,Changes to Water Shader,'
'3f923dc,Tomas Hudak,5 weeks ago,Fri Mar 27 02:12:19 2020 +0000,Added extra animation options for tween animator, also added squash and stretch to fishing indicators by using tween animator,'
'28c48bd,Tomas Hudak,5 weeks ago,Thu Mar 26 23:16:50 2020 +0000,Created a sprite animator that uses the HDRP Pipeline. Also create a tween animator which is a higher abstraction level from the tween manager,'
'312158f,Tomas Hudak,5 weeks ago,Wed Mar 25 20:21:33 2020 +0000,Completed transitions of menu. Also implemented additional functionality to tween manager,'
'57622b0,Tomas Hudak,5 weeks ago,Wed Mar 25 01:54:35 2020 +0000,Merge branch 'master' of https://github.com/HughTyson/Lagoon-DES310-ProfessionalProject,'
'66651e9,Tomas Hudak,5 weeks ago,Wed Mar 25 01:54:31 2020 +0000,Further progress on menus and UI base classes,'
'ff0353c,Hugh,5 weeks ago,Tue Mar 24 20:31:02 2020 +0000,Merge branch 'master' of https://github.com/HughTyson/Lagoon-DES310-ProfessionalProject,'
'91588e6,Hugh,5 weeks ago,Tue Mar 24 20:30:59 2020 +0000,Sleeping,'
'9f977c7,Tomas Hudak,5 weeks ago,Tue Mar 24 19:36:49 2020 +0000,Merge branch 'master' of https://github.com/HughTyson/Lagoon-DES310-ProfessionalProject,'
'5289f63,Tomas Hudak,5 weeks ago,Tue Mar 24 19:36:36 2020 +0000,Continued work on menus. Added additional functionality to tween manager, allowing easer improvements to it in the future,'
'a36a30d,Hugh,5 weeks ago,Tue Mar 24 14:28:56 2020 +0000,Merge branch 'master' of https://github.com/HughTyson/Lagoon-DES310-ProfessionalProject,'
'721ac2f,Hugh,5 weeks ago,Tue Mar 24 14:28:52 2020 +0000,DayNightCycle,'
'cd7fba3,Tomas Hudak,5 weeks ago,Mon Mar 23 21:16:35 2020 +0000,Refactored text property code to be nicer and fixed bugs in properties,'
'e24cf1a,Tomas Hudak,5 weeks ago,Mon Mar 23 13:25:24 2020 +0000,Started work on menus, made test conversation scene for Ross,'
'fd0e7f0,Tomas Hudak,5 weeks ago,Sun Mar 22 16:50:18 2020 +0000,Merge branch 'master' of https://github.com/HughTyson/Lagoon-DES310-ProfessionalProject,'
'7b5a230,Tomas Hudak,5 weeks ago,Sun Mar 22 16:50:02 2020 +0000,Setting up Menus,'
'5c980ff,Mike De'Placido,5 weeks ago,Sun Mar 22 16:49:27 2020 +0000,Editing of Foliage Material, switch to pbr. Some housekeeping,'
'5aac194,Mike De'Placido,5 weeks ago,Sun Mar 22 14:27:22 2020 +0000,Change of Foliage Shader to PBR,'
'8e568e7,Mike De'Placido,5 weeks ago,Sat Mar 21 22:18:39 2020 +0000,Changes to Water and Foliage Shadergraph,'
'6f36f2f,Mike De'Placido,5 weeks ago,Sat Mar 21 21:27:47 2020 +0000,Test Kelp Mesh with transparent Shader,'
'1d9e6be,Tomas Hudak,6 weeks ago,Sat Mar 21 03:58:22 2020 +0000,Merge branch 'master' of https://github.com/HughTyson/Lagoon-DES310-ProfessionalProject,'
'146986a,Tomas Hudak,6 weeks ago,Sat Mar 21 03:58:17 2020 +0000,Update on special text,- Completed all properties (although more may be added)
- Applied special text to branching nodes
- Updated Help Node to have all properties and info.
'
'd6e4836,Hugh,6 weeks ago,Fri Mar 20 18:02:16 2020 +0000,Merge branch 'master' of https://github.com/HughTyson/Lagoon-DES310-ProfessionalProject,'
'3596ae4,Hugh,6 weeks ago,Fri Mar 20 18:02:12 2020 +0000,Day Night Cycle,'
'8b924a7,Tomas Hudak,6 weeks ago,Fri Mar 20 16:41:12 2020 +0000,Merge branch 'master' of https://github.com/HughTyson/Lagoon-DES310-ProfessionalProject,'
'5ecff58,Tomas Hudak,6 weeks ago,Fri Mar 20 16:41:08 2020 +0000,More bugs fixes on Convos, more progress on Special Text,'
'd5f94f0,Mike De'Placido,6 weeks ago,Fri Mar 20 16:14:09 2020 +0000,Grass Shader Editing,'
'5d2310b,Mike De'Placido,6 weeks ago,Fri Mar 20 15:35:43 2020 +0000,Cleanup and Addition of Grass_mesh,'
'5e44ed6,Hugh,6 weeks ago,Fri Mar 20 14:34:34 2020 +0000,Merge branch 'master' of https://github.com/HughTyson/Lagoon-DES310-ProfessionalProject,'
'500cce1,Hugh,6 weeks ago,Fri Mar 20 14:33:36 2020 +0000,Day/Night Cycle,'
'0a4c688,Tomas Hudak,6 weeks ago,Fri Mar 20 11:57:56 2020 +0000,Merge branch 'master' of https://github.com/HughTyson/Lagoon-DES310-ProfessionalProject,'
'0e99063,Tomas Hudak,6 weeks ago,Fri Mar 20 11:57:52 2020 +0000,Progress on special dialog text and bug fixes,- Made progress on the special text ingame
-Fixed bugs with static tween library requiring references cause null expections
'
'826fc08,Mike De'Placido,6 weeks ago,Thu Mar 19 19:22:49 2020 +0000,Addition of test Transparent Dome for stars,'
'61ca556,Mike De'Placido,6 weeks ago,Thu Mar 19 18:42:59 2020 +0000,Changes to shader Graph Layouts,'
'47fd47f,Mike De'Placido,6 weeks ago,Thu Mar 19 16:57:37 2020 +0000,Cleanup + Introduction of Foliage master graph,'
'fdbb79e,Tomas Hudak,6 weeks ago,Thu Mar 19 13:28:44 2020 +0000,Quick Save. Applied my parsed TextProperty data to create the SpecialText,'
'8b1a518,Tomas Hudak,6 weeks ago,Wed Mar 18 17:27:57 2020 +0000,test,'
'9cb8239,Hugh,6 weeks ago,Tue Mar 17 18:13:22 2020 +0000,Merge branch 'master' of https://github.com/HughTyson/Lagoon-DES310-ProfessionalProject,'
'8d3e6bf,Hugh,6 weeks ago,Tue Mar 17 18:12:31 2020 +0000,plane camera,'
'b7a6390,Tomas Hudak,6 weeks ago,Tue Mar 17 17:51:16 2020 +0000,resolved conflicts,'
'38e36dc,Tomas Hudak,6 weeks ago,Tue Mar 17 17:40:45 2020 +0000,Create a debugging parser for special text properties in the story graph,'
'5fc2952,Hugh,6 weeks ago,Mon Mar 16 14:24:57 2020 +0000,Merge branch 'master' of https://github.com/HughTyson/Lagoon-DES310-ProfessionalProject,'
'a5e09cf,Hugh,6 weeks ago,Mon Mar 16 14:20:08 2020 +0000,Repair Camera,'
'7606412,Tomas Hudak,6 weeks ago,Mon Mar 16 02:54:44 2020 +0000,Done most of the node logic for the conversations and implemented them with an example convo,'
'5ef3dd5,Tomas Hudak,6 weeks ago,Sun Mar 15 17:52:32 2020 +0000,push of working version.,'
'5e3a838,Tomas Hudak,6 weeks ago,Sun Mar 15 17:50:56 2020 +0000,Merge branch 'master' of https://github.com/HughTyson/Lagoon-DES310-ProfessionalProject,'
'9bdbdc9,Tomas Hudak,6 weeks ago,Sun Mar 15 17:50:36 2020 +0000,Pushing working version. Doing stuff with convo ui,'
'e4a825e,Hugh,6 weeks ago,Sat Mar 14 13:43:26 2020 +0000,Merge branch 'master' of https://github.com/HughTyson/Lagoon-DES310-ProfessionalProject,'
'b5ae216,Hugh,6 weeks ago,Sat Mar 14 13:42:36 2020 +0000,Update CameraCollision.cs,'
'9cd514e,Tomas Hudak,7 weeks ago,Sat Mar 14 02:27:51 2020 +0000,Improved TweenManager and Continued on EventSystem for StoryDialogue,'
'bf58337,Tomas Hudak,7 weeks ago,Fri Mar 13 02:39:22 2020 +0000,Began constructing a solid method for conversation manager. Also made a tween manager,decided on creating an event system for the story/convo manager, allowing things like the UI to subscribe to certain events, which organises the code much more nicely
also made a generalised tween manager. It allows the creation of a path in code which will then be followed by the reference variable given to it. The full tween can be made up of many composite tweens, giving a lot of options for changing things like positions, scales, alpha, etc. in the same full tween. Once a full tween is finished, the passed in delegate is invoked to signal the end of the tween
'
'8b59851,Tomas Hudak,7 weeks ago,Thu Mar 12 19:06:58 2020 +0000,Quick save,'
'aafb843,Tomas Hudak,7 weeks ago,Thu Mar 12 19:06:41 2020 +0000,Changed Folder Organisation,Changed folder organistation because
1: Was getting cluttered
2: To access file paths in code, objects had to be in Resources folder
'
'bbd6896,Tomas Hudak,7 weeks ago,Thu Mar 12 18:22:20 2020 +0000,Update GM_.cs,'
'7ddc5da,Hugh,7 weeks ago,Thu Mar 12 17:37:40 2020 +0000,Bug Fix,Camera collisions fixed
'
'5322dde,Tomas Hudak,7 weeks ago,Thu Mar 12 17:26:21 2020 +0000,quick bug fix with game manager,'
'0a1c167,Tomas Hudak,7 weeks ago,Thu Mar 12 17:09:49 2020 +0000,Un-Gitignored MyLybrary of scripts,called the folder "Library". git ignore ignored it
'
'01a033e,Tomas Hudak,7 weeks ago,Wed Mar 11 16:35:12 2020 +0000,Added My created data structure and optimized fishing line,Fishing line was very unefficient so I optemisit it by doing stuff like object pooling for its particles and simplifying the collision detection to just be a check against the y axis

Also imported my library with generic data structures which I made previously
'
'04740b0,Tomas Hudak,7 weeks ago,Wed Mar 11 14:09:38 2020 +0000,Water shader test,'
'8b262e6,MICHAEL DE'PLACIDO,7 weeks ago,Tue Mar 10 12:07:11 2020 +0000,Completion of PBR Master Mat,'
'8c4f52a,MICHAEL DE'PLACIDO,7 weeks ago,Tue Mar 10 11:34:36 2020 +0000,Changes to PBR Master,'
'ded882a,MICHAEL DE'PLACIDO,7 weeks ago,Tue Mar 10 11:22:44 2020 +0000,creation of PBR master Material,'
'debc67d,MICHAEL DE'PLACIDO,7 weeks ago,Tue Mar 10 10:09:07 2020 +0000,Addition of Modular Plane to Test Scene,'
'7944c75,Mike De'Placido,7 weeks ago,Tue Mar 10 09:41:16 2020 +0000,Water vFX shader changes,'
'cfb2bb8,MICHAEL DE'PLACIDO,7 weeks ago,Mon Mar 9 12:34:07 2020 +0000,Addition of Plane Model,'
'44fcf20,Tomas Hudak,8 weeks ago,Fri Mar 6 18:47:43 2020 +0000,add water depth test stuff,'
'905ac7b,Tomas Hudak,8 weeks ago,Fri Mar 6 15:55:48 2020 +0000,Merge branch 'master' of https://github.com/HughTyson/Lagoon-DES310-ProfessionalProject,'
'910ec63,Tomas Hudak,8 weeks ago,Fri Mar 6 15:55:29 2020 +0000,test amd quick fix,'
'1b4c654,Mike De'Placido,8 weeks ago,Fri Mar 6 13:44:26 2020 +0000,Addition of duplicate water shader for Tomas,'
'86d2571,MICHAEL DE'PLACIDO,8 weeks ago,Fri Mar 6 12:57:28 2020 +0000,texture scrolling for water FX,'
'c1c90d3,MICHAEL DE'PLACIDO,8 weeks ago,Fri Mar 6 12:18:52 2020 +0000,Beginning implementation of new foam system,'
'ffc6f25,MICHAEL DE'PLACIDO,8 weeks ago,Fri Mar 6 11:57:02 2020 +0000,Turned off old edge foam,'
'8cc7dcc,Mike De'Placido,8 weeks ago,Thu Mar 5 21:20:32 2020 +0000,Testing water shader with normal data,'
'63f14bd,Mike De'Placido,8 weeks ago,Thu Mar 5 20:39:37 2020 +0000,Update to water shader,'
'7dc0f0b,Mike De'Placido,8 weeks ago,Thu Mar 5 19:48:39 2020 +0000,Water Shader Transparency Updated,'
'5f0bb4e,Mike De'Placido,8 weeks ago,Thu Mar 5 19:34:10 2020 +0000,Water shader transparency Blending,'
'acf4960,RossWilson,8 weeks ago,Wed Mar 4 16:41:50 2020 +0000,Changed collision boxes and triggers for level,'
'11b48e9,MICHAEL DE'PLACIDO,8 weeks ago,Tue Mar 3 12:48:31 2020 +0000,Water Shader Iteration,'
'a71748e,MICHAEL DE'PLACIDO,8 weeks ago,Tue Mar 3 12:05:28 2020 +0000,Water Shader Iteration,Water Shader now has basic refraction which works with the colour depth.
'
'3214c2e,MICHAEL DE'PLACIDO,9 weeks ago,Tue Feb 25 11:28:15 2020 +0000,Merge branch 'master' of https://github.com/HughTyson/Lagoon-DES310-ProfessionalProject,'
'4ad5d1f,MICHAEL DE'PLACIDO,9 weeks ago,Tue Feb 25 11:26:28 2020 +0000,Addition of Volcano Sculpt,'
'd49994e,Tomas Hudak,9 weeks ago,Tue Feb 25 11:25:41 2020 +0000,Began working on Convo UI,'
'ba8a83b,Tomas Hudak,9 weeks ago,Mon Feb 24 22:23:10 2020 +0000,Merge branch 'master' of https://github.com/HughTyson/Lagoon-DES310-ProfessionalProject,'
'5a76dc2,Tomas Hudak,9 weeks ago,Mon Feb 24 22:23:06 2020 +0000,quick fix to missing vibration on button press,'
'eb2234e,MikeDePlacido,9 weeks ago,Mon Feb 24 18:22:12 2020 +0000,Addition of Sand,Base sand texture added
'
'bf295cb,MikeDePlacido,9 weeks ago,Mon Feb 24 18:02:26 2020 +0000,Purging Test Assets,Removal of Test assets no longer in use
Addition of New Volcano Placeholder
'
'8cc897b,Tomas Hudak,9 weeks ago,Mon Feb 24 17:14:14 2020 +0000,Impoved Helper Button UI,- Added the Left Analog stick to the UI
'
'a4bf591,Hugh,9 weeks ago,Mon Feb 24 00:54:07 2020 +0000,Merge branch 'master' of https://github.com/HughTyson/Lagoon-DES310-ProfessionalProject,'
'3a21e72,Hugh,9 weeks ago,Mon Feb 24 00:50:10 2020 +0000,Repair Mechanic,Logic for repair mechanic has been implmented, waiting on assests to improve and itterate on it
'
'040a4b0,Tomas Hudak,9 weeks ago,Mon Feb 24 00:40:28 2020 +0000,Made fish victory state,'
'edfa88b,Hugh,9 weeks ago,Sun Feb 23 21:04:22 2020 +0000,for test,'
'f4e87a9,Hugh,9 weeks ago,Sun Feb 23 21:03:18 2020 +0000,Merge branch 'master' of https://github.com/HughTyson/Lagoon-DES310-ProfessionalProject,'
'82dba60,Hugh,9 weeks ago,Sun Feb 23 21:01:45 2020 +0000,For Test,'
'ab6c53f,Tomas Hudak,9 weeks ago,Sun Feb 23 21:00:45 2020 +0000,fixed merge conflicted files,'
'1808016,Tomas Hudak,9 weeks ago,Sun Feb 23 20:49:39 2020 +0000,Merge branch 'master' of https://github.com/HughTyson/Lagoon-DES310-ProfessionalProject,'
'56439c8,Tomas Hudak,9 weeks ago,Sun Feb 23 20:43:59 2020 +0000,UI Managers and Fish Victory State,Made a UI Manager where the Helper Buttons are and a Transition Manager that makes a fade to black transition
Also made a fish fight victory state which isn't finished yet
'
'f5d56c4,Hugh,9 weeks ago,Sun Feb 23 19:10:16 2020 +0000,New Camera Type & Bug Fix,Created the celebration camera. A camera which just rotates around the player

Added vibrations to the player explore state.

Bug Fix - fixed the look at with the thrid person camera.
'
'948809e,Hugh,9 weeks ago,Sun Feb 23 16:10:13 2020 +0000,Camera Bug fix,set up the target offset correctly
'
'018a497,Hugh,9 weeks ago,Sat Feb 22 17:44:25 2020 +0000,Merge branch 'master' of https://github.com/HughTyson/Lagoon-DES310-ProfessionalProject,'
'9afaf5f,Hugh,9 weeks ago,Sat Feb 22 17:43:45 2020 +0000,BUG FIX,Camera Jitter fixed as a layer wasn't included
'
'03543d6,Tomas Hudak,10 weeks ago,Sat Feb 22 01:39:20 2020 +0000,Improved vibration functionality in Input Manager. Also made a PauseManager,'
'8be8355,Tomas Hudak,10 weeks ago,Fri Feb 21 22:01:02 2020 +0000,Merge branch 'master' of https://github.com/HughTyson/Lagoon-DES310-ProfessionalProject,'
'f0e7126,Tomas Hudak,10 weeks ago,Fri Feb 21 21:59:47 2020 +0000,Bug Fixes,Fixed a few bugs to do with the fishing mechanic
'
'ca36984,Hugh,10 weeks ago,Fri Feb 21 15:07:07 2020 +0000,Merge branch 'master' of https://github.com/HughTyson/Lagoon-DES310-ProfessionalProject,'
'008e60d,H,10 weeks ago,Fri Feb 21 13:04:29 2020 +0000,Changed Player Movement,'
'9fdd945,Mike De'Placido,10 weeks ago,Fri Feb 21 01:56:05 2020 +0000,Changing water shaders,'
'0209af1,Hugh,10 weeks ago,Thu Feb 20 18:10:57 2020 +0000,Merge branch 'master' of https://github.com/HughTyson/Lagoon-DES310-ProfessionalProject,'
'edb2d8e,Hugh,10 weeks ago,Thu Feb 20 18:10:54 2020 +0000,Value changes,'
'c235083,Tomas Hudak,10 weeks ago,Thu Feb 20 17:58:31 2020 +0000,fix for unable to build,'
'39381ee,Hugh,10 weeks ago,Thu Feb 20 17:41:59 2020 +0000,Merge branch 'master' of https://github.com/HughTyson/Lagoon-DES310-ProfessionalProject,'
'9bc918e,Tomas Hudak,10 weeks ago,Thu Feb 20 17:10:39 2020 +0000,Tester scene built and ironed out more bugs with fish,'
'ec82f6b,Hugh,10 weeks ago,Thu Feb 20 16:41:12 2020 +0000,Merge branch 'master' of https://github.com/HughTyson/Lagoon-DES310-ProfessionalProject,'
'0329eb2,Hugh,10 weeks ago,Thu Feb 20 16:40:36 2020 +0000,Camera Transitions,Implementing camera transitions between states
'
'90c19fe,Tomas Hudak,10 weeks ago,Thu Feb 20 15:45:40 2020 +0000,Merge branch 'master' of https://github.com/HughTyson/Lagoon-DES310-ProfessionalProject,'
'ad33f43,Tomas Hudak,10 weeks ago,Thu Feb 20 15:45:36 2020 +0000,Fixed visual bugs with fishing line and rod,'
'ea5628f,Mike De'Placido,10 weeks ago,Thu Feb 20 15:44:08 2020 +0000,Editing of Tester Scene,'
'fcf0067,Mike De'Placido,10 weeks ago,Thu Feb 20 09:20:55 2020 +0000,Messing with Water,'
'f86275d,Tomas Hudak,10 weeks ago,Thu Feb 20 01:55:43 2020 +0000,fixed merge conflicted version,'
'6bfeeb1,Tomas Hudak,10 weeks ago,Thu Feb 20 01:36:50 2020 +0000,Merge branch 'master' of https://github.com/HughTyson/Lagoon-DES310-ProfessionalProject,'
'0b25a83,Tomas Hudak,10 weeks ago,Thu Feb 20 01:30:42 2020 +0000,Second Iteration of Fish fights, other fishing logic and vibrations,Finished the second iteration of fish fighting. Noticed a couple bugs that will get ironed out tomorrow.

Made a few changes to the logic of the fish so the fish are faster when attracted

Added vibration to the controller for when the fish is attracted or interacting. This makes the player know when they should stop  reeling and wait
'
'9d15135,Mike De'Placido,10 weeks ago,Wed Feb 19 21:25:50 2020 +0000,Water + New Volcano added to test scene,'
'1e629cf,Mike De'Placido,10 weeks ago,Wed Feb 19 20:45:42 2020 +0000,Adding Water to Test Build,'
'9b10f42,Mike De'Placido,10 weeks ago,Wed Feb 19 20:15:13 2020 +0000,Water Editing,'
'aa075f1,Hugh,10 weeks ago,Wed Feb 19 18:10:55 2020 +0000,Merge branch 'master' of https://github.com/HughTyson/Lagoon-DES310-ProfessionalProject,'
'20b2423,Hugh,10 weeks ago,Wed Feb 19 18:03:04 2020 +0000,Updated Player pefab for repair state,'
'a72b7bf,Mike De'Placido,10 weeks ago,Wed Feb 19 15:22:21 2020 +0000,water graph editing,'
'fa1972b,Mike De'Placido,10 weeks ago,Wed Feb 19 12:45:39 2020 +0000,Water Colour Fresnel,'
'8bb1584,Mike De'Placido,10 weeks ago,Wed Feb 19 11:55:46 2020 +0000,Depth Mapping Water,'
'9332504,Mike De'Placido,10 weeks ago,Wed Feb 19 11:24:26 2020 +0000,Water Shader Iteration,'
'f63d02d,Hugh,2 months ago,Wed Feb 19 02:42:06 2020 +0000,Merge branch 'master' of https://github.com/HughTyson/Lagoon-DES310-ProfessionalProject,'
'0cb4ca1,Hugh,2 months ago,Wed Feb 19 02:42:03 2020 +0000,Plane Repair,Changed the Segment class to have different states
'
'59ac987,Tomas Hudak,2 months ago,Tue Feb 18 18:42:31 2020 +0000,Merge branch 'master' of https://github.com/HughTyson/Lagoon-DES310-ProfessionalProject,'
'1edc256,Tomas Hudak,2 months ago,Tue Feb 18 18:42:28 2020 +0000,Iteration on Fish Fighting,Started improving the fish fighting.
Pushing to get work back home
'
'8d30ca7,H,2 months ago,Tue Feb 18 16:07:34 2020 +0000,Plane Repair,Clean Up function working correctly
'
'519f722,H,2 months ago,Tue Feb 18 15:04:00 2020 +0000,Plane Repair State,Basic repiar state was created
'
'7121d72,H,2 months ago,Tue Feb 18 14:31:50 2020 +0000,Merge branch 'master' of https://github.com/HughTyson/Lagoon-DES310-ProfessionalProject,'
'cd1f04c,Tomas Hudak,2 months ago,Tue Feb 18 14:30:48 2020 +0000,Made a prefab for game manager,forgot to add game manager as a prefab in last push
'
'7705341,Tomas Hudak,2 months ago,Tue Feb 18 14:29:44 2020 +0000,Replaced input methods with Input Manager methods,'
'bda1f49,H,2 months ago,Tue Feb 18 14:24:58 2020 +0000,Merge branch 'master' of https://github.com/HughTyson/Lagoon-DES310-ProfessionalProject,'
'c499ccb,H,2 months ago,Tue Feb 18 14:24:53 2020 +0000,Plane Repair,Worked on the plane repair player state, and the segment manager for the plane
'
'15b09f3,Tomas Hudak,2 months ago,Tue Feb 18 13:07:32 2020 +0000,Made Input Manager to allow controller vibration,Added an XInput package.
Made a Singleton to hold an InputManager which will be used instead of the inbuilt Input
'
'c946d7a,Tomas Hudak,2 months ago,Tue Feb 18 01:35:09 2020 +0000,Fishing Mechanic Update,- Added invisble fish walls around the water to prevent fish from escaping
- Added normal distribution curve to teirs of fish so most fish are average, and then the closer you get to the min and max, the rarer they are.
- Begun work on iterated up fish fighting
'
'c180b2b,Tomas Hudak,2 months ago,Mon Feb 17 14:26:03 2020 +0000,Merge branch 'master' of https://github.com/HughTyson/Lagoon-DES310-ProfessionalProject,'
'15c6003,Tomas Hudak,2 months ago,Mon Feb 17 14:25:59 2020 +0000,debugging fish,'
'3e00d8c,H,2 months ago,Mon Feb 17 14:20:19 2020 +0000,Merge branch 'master' of https://github.com/HughTyson/Lagoon-DES310-ProfessionalProject,'
'999c9d8,H,2 months ago,Mon Feb 17 14:20:14 2020 +0000,Player Repair State,'
'f04003d,Tomas Hudak,2 months ago,Mon Feb 17 11:52:26 2020 +0000,Merge branch 'master' of https://github.com/HughTyson/Lagoon-DES310-ProfessionalProject,'
'922a839,Tomas Hudak,2 months ago,Mon Feb 17 11:52:10 2020 +0000,test push 2,'
'ac8ca4d,H,2 months ago,Mon Feb 17 11:51:07 2020 +0000,Amy's Test Scene,'
'b0ae7f4,Tomas Hudak,2 months ago,Mon Feb 17 11:44:13 2020 +0000,Test Commit,this is a test
'
'3938ca6,Mike De'Placido,2 months ago,Mon Feb 17 05:34:04 2020 +0000,Editing of Test Scene,'
'37f5c9a,Hugh,2 months ago,Mon Feb 17 02:49:53 2020 +0000,Plane Repair & Bug Fixes,Repair mechanic started, switch game logic started ot be implemented.

Bug
- Trigger/Collision box bug fixed whne colliding with bob
'
'b0be370,Tomas Hudak,2 months ago,Mon Feb 17 01:50:58 2020 +0000,Greatly Improved Fish AI,Fish move differently depending on proximity of threats.
Smaller fish are scared of bigger fish
Made smoother transitions between states
'
'dfa2049,Tomas Hudak,2 months ago,Sun Feb 16 18:10:57 2020 +0000,Made changes to fish and fish generation,Created habitat rings for fish of different teirs to live in
Began work on improving the fishing AI so fish have knowlege of their whole surroundings and look much nicers when moving
TODO; improvments to fish AI
'
'096b4ff,Tomas Hudak,2 months ago,Sun Feb 16 01:55:59 2020 +0000,fixed fishing line and reeling - TODO fix rod flexion,fixed the fishing line physics and also made the reeling physics much nicer and responsive.
Need to fix the fishing rod flexion physics though
'
'234cb07,Tomas Hudak,2 months ago,Fri Feb 14 17:32:51 2020 +0000,Fixed fishing line bugs (but still needs more fixing) and added a button UI Manager,'
'ea74daf,Tomas Hudak,2 months ago,Fri Feb 14 12:06:11 2020 +0000,quick fix,'
'3f6194b,Tomas Hudak,2 months ago,Fri Feb 14 11:43:14 2020 +0000,Merge branch 'master' of https://github.com/HughTyson/Lagoon-DES310-ProfessionalProject,'
'b2f9789,Tomas Hudak,2 months ago,Fri Feb 14 11:42:56 2020 +0000,quick save (fishing line work),'
'cecf0db,Hugh,3 months ago,Fri Feb 14 02:21:54 2020 +0000,Prefab Creation,Radio Prefab Created
Supply Box Prefab Created
Invisible Wall created, wiht a fishing trigger in the prfab
Trigger created for radio, fishing - can be easilt expanded

Added all these to a test scene.

Bugs
- Fishing rod doesn't always come out when in the box.
'
'3a61629,Hugh,3 months ago,Fri Feb 14 00:33:01 2020 +0000,Merge branch 'master' of https://github.com/HughTyson/Lagoon-DES310-ProfessionalProject,'
'a4755b0,Hugh,3 months ago,Fri Feb 14 00:32:58 2020 +0000,Triggers in Explore,'
'5afaf0c,Tomas Hudak,3 months ago,Fri Feb 14 00:29:14 2020 +0000,Merge branch 'master' of https://github.com/HughTyson/Lagoon-DES310-ProfessionalProject,'
'6efe986,Tomas Hudak,3 months ago,Fri Feb 14 00:29:10 2020 +0000,Added assets into Unity,'
'f05d71b,Hugh,3 months ago,Thu Feb 13 22:42:10 2020 +0000,Merge branch 'master' of https://github.com/HughTyson/Lagoon-DES310-ProfessionalProject,'
'6e667dc,Hugh,3 months ago,Thu Feb 13 22:42:07 2020 +0000,Triggers,'
'87b688e,Tomas Hudak,3 months ago,Thu Feb 13 22:30:47 2020 +0000,quick save,'
'ecc3209,Tomas Hudak,3 months ago,Thu Feb 13 16:33:24 2020 +0000,Merge branch 'master' of https://github.com/HughTyson/Lagoon-DES310-ProfessionalProject,'
'a97cebe,Tomas Hudak,3 months ago,Thu Feb 13 16:33:17 2020 +0000,Applied Changes to player prefab to fix null exeptions on prefab drag,'
'3c448a7,Mike De'Placido,3 months ago,Thu Feb 13 14:45:38 2020 +0000,Addition of 'Polybrush' from Package Manager,Polybrush required for vertex painting and material blends
'
'e8d968a,Mike De'Placido,3 months ago,Thu Feb 13 13:11:43 2020 +0000,Me and Hugh dealing with Unity being annoying,'
'290e7e4,Mike De'Placido,3 months ago,Thu Feb 13 11:29:35 2020 +0000,Purging Test Assets,'
'e9129f1,Mike De'Placido,3 months ago,Thu Feb 13 11:17:11 2020 +0000,Test Assets,'
'79fdbb0,Tomas Hudak,3 months ago,Wed Feb 12 11:31:20 2020 +0000,Merge branch 'master' of https://github.com/HughTyson/Lagoon-DES310-ProfessionalProject,'
'862cfe1,Tomas Hudak,3 months ago,Wed Feb 12 11:31:14 2020 +0000,Quick save,'
'454d399,Mike De'Placido,3 months ago,Wed Feb 12 10:45:07 2020 +0000,Testing Material Faults,'
'2108aa3,Mike De'Placido,3 months ago,Wed Feb 12 10:30:38 2020 +0000,More Mat Tests,'
'952e733,Mike De'Placido,3 months ago,Wed Feb 12 10:26:14 2020 +0000,More Mat Tests,'
'35bd8b2,Mike De'Placido,3 months ago,Wed Feb 12 10:03:06 2020 +0000,Testing Unity Material Workflows,'
'23dbbf0,Hugh,3 months ago,Tue Feb 11 23:07:54 2020 +0000,Merge branch 'master' of https://github.com/HughTyson/Lagoon-DES310-ProfessionalProject,'
'4c7841a,Hugh,3 months ago,Tue Feb 11 23:07:11 2020 +0000,Character Collisison,Collisison Capsule and Camera Fixed
'
'cb9b9e7,Tomas Hudak,3 months ago,Tue Feb 11 23:04:08 2020 +0000,Merge branch 'master' of https://github.com/HughTyson/Lagoon-DES310-ProfessionalProject,'
'02aef6f,Tomas Hudak,3 months ago,Tue Feb 11 22:53:43 2020 +0000,Begun work on conversation state and manager,'
'3d74dc6,Mike De'Placido,3 months ago,Tue Feb 11 19:00:44 2020 +0000,Player/Camera added to mikes test scene,'
'af29973,H,3 months ago,Tue Feb 11 15:10:15 2020 +0000,Camera Limits,Added camera limits for when the player is fishing
'
'102e8e2,Tomas Hudak,3 months ago,Tue Feb 11 14:42:28 2020 +0000,Merge branch 'master' of https://github.com/HughTyson/Lagoon-DES310-ProfessionalProject,'
'32ad1c9,Tomas Hudak,3 months ago,Tue Feb 11 14:42:21 2020 +0000,Created Conversation graph nodes,created the nodes that will be used by the designers to create the branching dialog
'
'6b8db34,MICHAEL DE'PLACIDO,3 months ago,Tue Feb 11 14:06:07 2020 +0000,Test Water within Mikes Test Scene,'
'23e5590,H,3 months ago,Tue Feb 11 12:32:33 2020 +0000,HDRI,Working with artists to change the rendering process of unity. We have started using HDRI allowing the artists greater control
'
'e6d11bd,Tomas Hudak,3 months ago,Tue Feb 11 10:41:46 2020 +0000,Added xNode Asset as a framework for a node editor,'
'386ffa4,Tomas Hudak,3 months ago,Tue Feb 11 10:28:11 2020 +0000,No github dependancies,took off the github dependancy due to issues with using it on uni machines
'
'a03b3ce,Tomas Hudak,3 months ago,Mon Feb 10 22:43:22 2020 +0000,Folder Orginisation,By Hugh and Tomas
'
'ed03440,Tomas Hudak,3 months ago,Mon Feb 10 20:04:58 2020 +0000,IMPORTANT - READ DESCRIPTION,Added a git dependancy package for the base of the node editor for the conversation tree. If you  use UNITY HUB, update to the latest version. There is a bug in the older version that means you cannot find the git PATH.
If you cannot find the git PATH with the latest version (at the moment 2.2.2) then you will have to install Git on your machine and maybe tell the system the path (turtorial here: https://stackoverflow.com/questions/26620312/installing-git-in-path-with-github-client-for-windows/34767523#34767523
)
'
'428b26f,Mike De'Placido,3 months ago,Mon Feb 10 10:23:30 2020 +0000,Set Dressing for test scene,'
'5109868,Mike De'Placido,3 months ago,Mon Feb 10 10:00:05 2020 +0000,Addition of Greybox to Test Scene,'
'c68121d,Tomas Hudak,3 months ago,Mon Feb 10 09:42:55 2020 +0000,more quick fixes,'
'a245a37,Tomas Hudak,3 months ago,Mon Feb 10 09:29:54 2020 +0000,Quick fixes,quick bug fix
'
'f1e6696,Tomas Hudak,3 months ago,Mon Feb 10 09:05:50 2020 +0000,Added Fishing Indicators,'
'468f90b,Tomas Hudak,3 months ago,Mon Feb 10 07:50:39 2020 +0000,Merge branch 'master' of https://github.com/HughTyson/Lagoon-DES310-ProfessionalProject,'
'bc76605,Tomas Hudak,3 months ago,Mon Feb 10 07:41:22 2020 +0000,quick save commit,'
'f5ea36c,Hugh,3 months ago,Mon Feb 10 02:31:41 2020 +0000,Conversation State and Supply Drop,Conversation state created and teh supply drop has been started, couritine set up to make the box drop in a sequance
'
'40fa950,Tomas Hudak,3 months ago,Sun Feb 9 01:05:12 2020 +0000,Improved fish generating system,Made the fish generation system better and gave it a foundation which will make it easier to allow multiple different fish types with variants in those types aswell
'
'4ba2374,Tomas Hudak,3 months ago,Sat Feb 8 19:17:14 2020 +0000,Fish Fights and Light fishing line,- made the fishing line appear lighter, making the line look much nicer

- Completed the fishing loop by adding fish fights with a win and lose condition
'
'7c435aa,Tomas Hudak,3 months ago,Fri Feb 7 09:46:12 2020 +0000,Merge branch 'master' of https://github.com/HughTyson/Lagoon-DES310-ProfessionalProject,'
'a650b0d,Tomas Hudak,3 months ago,Fri Feb 7 09:46:02 2020 +0000,Fishing Physics Overhaul and Programming Clean up,Improved the physics of all of the current fishing physics items
- Fishing rod: Now exerts force onto the fishing line and bob, and also reacts to force being applied to it by the fishing bob and line

- Fishing line: remodelled how the line is made longer and shorted from previously the constraint's natural length being increased to now generating new particles from the tip of the rod (more like a real fishing rod). This makes the line seem like its being reeled in and cast from the fishing line tip rather than being pulled at each end.

- Added perlin noise to displace the x and z accelleration of the fishing line particles to displace the fishing line over time, giving a pleasing effect

- Changed the way the fishing rod points are calculated

-Remodelled the majority of fishing objects and scripts to be more modular and limit spaghettification

- Began working on the states the fisghing objects will be in when in a fish fight
'
'6787a33,H,3 months ago,Tue Feb 4 14:35:20 2020 +0000,Supply Box scripts created,'
'75da0b7,Tomas Hudak,3 months ago,Tue Feb 4 12:56:40 2020 +0000,Merge branch 'master' of https://github.com/HughTyson/Lagoon-DES310-ProfessionalProject,'
'273a52c,Tomas Hudak,3 months ago,Tue Feb 4 12:55:37 2020 +0000,Safety Commit,committing for safety incase of conflict
'
'6753d73,H,3 months ago,Tue Feb 4 12:54:25 2020 +0000,Explore State,Updated the explore state script to change to the fishing state
'
'139b363,H,3 months ago,Tue Feb 4 12:36:15 2020 +0000,Merge branch 'master' of https://github.com/HughTyson/Lagoon-DES310-ProfessionalProject,'
'a8992e6,H,3 months ago,Tue Feb 4 12:34:40 2020 +0000,Collisions Update & Player Acceleration,Camera now uses the correct layer mask when calculating collisisons.
Raycast also takes into consideration the max distance it will go, this has improved collisiosns.

Player movement code has slightly changed. It now takes into consideration the acceleration of the player. Hence when the player stops moving it takes a second or less to properly stop, lookes better. Will need tweaked when player animations are in.
'
'6fbc0be,Tomas Hudak,3 months ago,Tue Feb 4 12:26:21 2020 +0000,Safety Push,Going to make radical changes to the scripts and may need to revert back to this version
'
'6bf708a,Tomas Hudak,3 months ago,Fri Jan 31 00:59:03 2020 +0000,showing to client,'
'89ba32a,Tomas Hudak,3 months ago,Fri Jan 31 00:39:17 2020 +0000,Merge branch 'master' of https://github.com/HughTyson/Lagoon-DES310-ProfessionalProject,'
'ddb2c87,Tomas Hudak,3 months ago,Fri Jan 31 00:38:17 2020 +0000,quick fix,'
'b6a9cb6,Hugh,3 months ago,Fri Jan 31 00:25:31 2020 +0000,Collision Fixed - Test scene,Collisions now works with a layer mask

Test scene (01) has been created to show Spilt Milk the progress that hs been made in the programming department.
'
'd501ead,Hugh,3 months ago,Thu Jan 30 17:41:58 2020 +0000,Prefab changed,'
'f807d8d,Hugh,3 months ago,Thu Jan 30 17:25:20 2020 +0000,Merge branch 'master' of https://github.com/HughTyson/Lagoon-DES310-ProfessionalProject,'
'31c2dfa,Hugh,3 months ago,Thu Jan 30 17:25:16 2020 +0000,States,Added states to the camera and player scripts
'
'b6558c3,Tomas Hudak,3 months ago,Thu Jan 30 17:22:39 2020 +0000,Code Update,Cleaning up code
'
'a490fce,Hugh,3 months ago,Wed Jan 29 22:02:57 2020 +0000,Merge branch 'master' of https://github.com/HughTyson/Lagoon-DES310-ProfessionalProject,'
'd2b2ead,Hugh,3 months ago,Wed Jan 29 22:00:03 2020 +0000,Camera Collisons,Working a lot better, needs smoothed out
'
'1036328,Tomas Hudak,3 months ago,Wed Jan 29 21:57:56 2020 +0000,Merge branch 'master' of https://github.com/HughTyson/Lagoon-DES310-ProfessionalProject,'
'6ef7ab5,Tomas Hudak,3 months ago,Wed Jan 29 21:53:51 2020 +0000,Fishing Mechanics,- Created a Procedural Fishing Line using Verlet Integration
- Created a Procedural Fishing Rod using Joints and interpolation
- Created the basics of the state manager for the player
'
'be7f561,H,3 months ago,Tue Jan 28 12:26:21 2020 +0000,Camera Collisions,Camera collisisons lookng better, however still a bit jumpy at places so this will need fixed.
'
'cefe4f2,Hugh,3 months ago,Mon Jan 27 01:39:59 2020 +0000,Merge branch 'master' of https://github.com/HughTyson/Lagoon-DES310-ProfessionalProject,'
'39bc6b2,Hugh,3 months ago,Mon Jan 27 01:39:55 2020 +0000,Camera and Movement Update,Changed to use character controller.
Player now moves based on cameras forward vector.
Camera Collision has been starts, doesn't work but the functionality is there implemented on
'
'ce90152,Tomas Hudak,3 months ago,Sun Jan 26 17:47:48 2020 +0000,Merge branch 'master' of https://github.com/HughTyson/Lagoon-DES310-ProfessionalProject,'
'087d3eb,Tomas Hudak,3 months ago,Sun Jan 26 17:47:41 2020 +0000,Fishing Mechanics & Fish,- Completed primary Fish AI
- Completed the majority of the fishing loop
- Added a Custom Tag system for multi-tagging GameObjects
- Added Projectile Prediction for when casting the fishing bob
'
'5b56e37,HughTyson,3 months ago,Tue Jan 21 17:52:50 2020 +0000,Merge pull request #2 from HughTyson/Hugh's-Branch,Camera and movement'
'1b3b299,H,3 months ago,Tue Jan 21 14:17:49 2020 +0000,Camera and movement,'
'a089f2e,HughTyson,3 months ago,Tue Jan 21 14:16:17 2020 +0000,Merge branch 'Tomas' into master,'
'cc99a2b,Tomas Hudak,3 months ago,Tue Jan 21 13:52:22 2020 +0000,Fishing Mechanics,- Changed the Buoyancy to be generalised and appliable to any GameObject
- Created a script to be applied to water object
- Create a FishGenerator which generates fish and manages their spawning/despawning
- Created a Fish and created some of its individual AI states which will be linked into a state machine later
'
'50b3434,HughTyson,3 months ago,Tue Jan 21 11:08:13 2020 +0000,Update README.md,'
'bd5d708,Hugh,3 months ago,Tue Jan 21 00:32:33 2020 +0000,Push to work on in uni,'
'a74397f,Hugh,3 months ago,Sun Jan 19 15:36:03 2020 +0000,Camera & Movement,Linking the movement of the player to the camera.

- Player now moves down the axis the camera is facing when pushing left analogue stick forward.

-Player prefab created to be placed in test scenes
'
'ae63d4b,Tomas Hudak,3 months ago,Sun Jan 19 15:05:14 2020 +0000,Fishing Mechanic,Started working on the fishing mechanics.

- buoyancy physics for fishing bob
- fixed force fishing cast done with controller (RB)
'
'8f1e568,Hugh,3 months ago,Fri Jan 17 00:46:31 2020 +0000,Camera Work,Basic third person camera implemented, needs improved.

Features include
-Following player
-Rotating around player
-Max and Min viewing angle

Slight change in the Input Manager aswell
'
'a45d30b,Hugh,3 months ago,Thu Jan 16 14:22:10 2020 +0000,Movement,Initial movement code
'
'e1d8012,Mike De'Placido,3 months ago,Wed Jan 15 14:05:21 2020 +0000,Test Changes,Checking slack integration, and user access to test scenes.
'
'955fc62,Hugh,3 months ago,Wed Jan 15 13:52:54 2020 +0000,Test Push,'
'e98e5a1,Hugh,4 months ago,Mon Jan 13 15:36:00 2020 +0000,Scenes Created,Every member in the team has a scene created for them to test what they have created in unity
'
'373d02c,Hugh,4 months ago,Mon Jan 13 15:07:39 2020 +0000,Added Unity Project,'
'482a960,HughTyson,4 months ago,Mon Jan 13 14:54:51 2020 +0000,Initial commit,'